Nome Do Pregão,Código,Denominação Social,Segmento De Mercado,Tipo De Capital,Capital R$,Aprovado Em,Qtde Ações Ordinárias,Qtde Ações Preferenciais,Qtde Total De Ações
FIAGRO FLEM,FLEM,051 AGRO FAZENDAS II FDO DE INV FIAGRO IMOBILIÁRIO,BOLSA,Homologado,100,17/03/2023,0,2.925.000,2.925.000
FIAGRO FZDB,FZDB,051 AGRO FAZIII FDO INV NAS CAD PROD AGRO - FIAGRO,BOLSA,Homologado,100,25/04/2023,0,3.600.000,3.600.000
FIAGRO 051,FZDA,051 AGRO FDO INV NAS CAD PROD AGRO - FIAGRO - IMOB,BOLSA,Homologado,100,05/09/2022,0,1.550.000,1.550.000
3R PETRÓLEO,RRRP,3R PETROLEUM ÓLEO E GÁS S.A,NOVO MERCADO,Homologado,"5.055.783.389,27",07/07/2023,239.984.927,0,239.984.927
524 PARTICIPE,QVQP,524 PARTICIPAÇÕES S.A.,BOLSA,Homologado,"1.135.904,66",28/04/2023,4.234.183.918,0,4.234.183.918
ABDEN OURO,ABGD,ETF DE AÇÕES ABRDN PHYSICAL GOLD,BOLSA,Homologado,000,29/03/2022,0,297.200.000,297.200.000
ABDEN SILV,SIVR,ETF DE AÇÕES ABRDN PHYSICAL SILVER,BOLSA,Homologado,000,29/03/2022,0,149.400.000,149.400.000
ACESSOPAR,A6OP,ACESSOPAR INVESTIMENTOS E PARTICIPAÇÕES S.A.,OUTROS,Homologado,100,24/04/2023,1,0,1
AERIS,AERI,GERAÇÃO DE ENERGIA S/A,NOVO MERCADO,Homologado,"871.975.004,83",11/12/2020,766.213.456,0,766.213.456
AES BRASIL,AESB,AES BRASIL ENERGIA S.A.,NOVO MERCADO,Homologado,"2.196.957.866,36",05/12/2022,601.927.311,0,601.927.311
AESOPERACOES,AESO,AES BRASIL OPERAÇÕES S.A.,BOLSA,Homologado,"1.799.261.667,36",05/12/2022,2.014.441.535,0,2.014.441.535
AFLUENTE T,AFLT,AFLUENTE TRANSMISSÃO DE ENERGIA ELÉTRICA S/A,BOLSA,Homologado,"33.084.700,00",07/04/2017,63.084.700,0,63.084.700
AGROGALÁXIA,AGXY,AGROGALAXY PARTICIPAÇÕES S.A.,NOVO MERCADO,Homologado,"838.717.076,95",23/07/2021,170.824.989,0,170.824.989
ALFA HOLDING,RPAD,ALFA PARTICIPAÇÕES S.A.,BOLSA,Homologado,"430.245.000,00",30/03/2023,46.011.632,38.670.637,84.682.269
ALGAR TELEC,ALGT,ALGAR TELECOMUNICAÇÕES S/A,BOLSA,Homologado,"901.831.185,18",16/12/2022,295.019.806,0,295.019.806
ALIANSCSONAE,TAMBÉM,ALIANSCE SONAE CENTROS COMERCIAIS S.A.,NOVO MERCADO,Homologado,"15.092.136.244,00",21/03/2023,573.936.909,0,573.936.909
ALLIAR,AALR,ALLIANÇA SAÚDE E PARTICIPAÇÕES S.A.,NOVO MERCADO,Homologado,"635.371.970,99",08/05/2017,118.292.816,0,118.292.816
ALIADO,ALLD,ALLIED TECNOLOGIA S.A.,NOVO MERCADO,Homologado,"1.021.574.733,95",01/12/2021,93.220.582,0,93.220.582
ESTAPAR,ALPK,ALLPARK EMPREENDIMENTOS PARTICIPACOES SERVICOS S.A,NOVO MERCADO,Homologado,"635.239.846,22",16/02/2022,214.426.523,0,214.426.523
ALPARGATAS,ALPA,ALPARGATAS S.A.,BOVESPA NIVEL 1,Homologado,"3.998.500.000,00",22/02/2022,339.510.689,343.551.533,683.062.222
ALPER S.A.,APER,ALPER CONSULTORIA E CORRETORA DE SEGUROS S.A.,NOVO MERCADO,Homologado,"409.979.831,92",12/12/2022,19.561.704,0,19.561.704
ALPHAVILLE,AVLL,ALPHAVILLE S.A.,NOVO MERCADO,Homologado,"1.786.408.593,65",04/04/2023,28.615.213,0,28.615.213
ALTERE SEC,ALTR,ALTERE SECURITIZADORA S.A.,BOLSA,Homologado,"1.037.021,67",03/01/2017,36.218.984,0,36.218.984
ALUPAR,ALUP,ALUPAR INVESTIMENTO S/A,BOVESPA NIVEL 2,Homologado,"3.310.783.299,00",17/04/2023,620.834.207,293.441.497,914.275.704
AMBEV S/A,ABEV,AMBEV S.A.,BOLSA,Homologado,"58.177.928.601,85",25/04/2023,15.753.833.284,0,15.753.833.284
AMBIPAR,AMBP,AMBIPAR PARTICIPACOES E EMPREENDIMENTOS S/A,NOVO MERCADO,Homologado,"1.151.602.270,50",20/07/2020,112.935.588,0,112.935.588
AMERICANAS,AMER,AMERICANAS S.A,NOVO MERCADO,Homologado,"15.457.554.222,38",30/12/2022,902.529.503,0,902.529.503
AMPLA ENERG,CBEE,AMPLA ENERGIA E SERVICOS S.A.,BOLSA,Homologado,"4.138.230.386,65",07/03/2022,240.209.921,0,240.209.921
AMPLA ENERG,CBEE,AMPLA ENERGIA E SERVICOS S.A.,BOLSA,Subscrito,"300.000.000,00",30/08/2023,13.824.885,0,13.824.885
ANIMA,ANIM,ANIMA HOLDING S.A.,NOVO MERCADO,Homologado,"2.569.624.313,76",18/02/2021,403.868.805,0,403.868.805
AREZZO CO,ARZZ,AREZZO INDÚSTRIA E COMÉRCIO S.A.,NOVO MERCADO,Homologado,"1.738.228.766,61",29/05/2023,110.989.206,0,110.989.206
ARMAC,ARML,"ARMAC LOCAÇÃO, LOGÍSTICA E SERVIÇOS S.A.",NOVO MERCADO,Homologado,"1.129.496.770,37",26/09/2022,346.016.041,0,346.016.041
FIAGRO AAGR,AAGR,ASSET BANK AGRONEGÓCIOS FIAGRO IMOBILIARIO,BOLSA,Homologado,100,31/10/2022,0,5.000.000,5.000.000
CARREFOUR BR,CRFB,ATACADÃO S.A.,NOVO MERCADO,Homologado,"9.959.228.605,46",15/05/2023,2.107.764.631,0,2.107.764.631
FIP ATHON,AATH,ATHON ENERGIA ESG I FDO INV PART EM INFRAESTRUTURA,FIP IE,Homologado,100,24/08/2023,0,107.016,107.016
ATMASA,ATMP,ATMA PARTICIPAÇÕES S.A.,BOLSA,Homologado,"1.419.402.983,96",15/12/2021,26.710.356,0,26.710.356
ATOMPAR,ATOM,ATOM EMPREENDIMENTOS E PARTICIPAÇÕES S.A.,BOLSA,Homologado,"13.914.270,83",29/04/2022,23.804.898,0,23.804.898
AUREN,AURE,AUREN ENERGIA S.A.,NOVO MERCADO,Homologado,"5.940.136.584,99",23/03/2022,1.000.000.000,0,1.000.000.000
FIAGRO AAZQ,AAZQ,AZ QUEST SOLE FDO DE INV - FIAGRO - IMOBILIARIO,BOLSA,Homologado,100,12/12/2022,0,24.037.284,24.037.284
AZEVEDO,AZEV,AZEVEDO E TRAVASSOS S.A.,BOLSA,Homologado,"350.439.098,98",04/10/2023,31.860.681,61.282.713,93.143.394
AZEVEDO,AZEV,AZEVEDO E TRAVASSOS S.A.,BOLSA,Subscrito,"215.000.001,34",28/08/2023,25.540.421,49.125.933,74.666.354
AZUL,AZUL,AZUL S.A.,BOVESPA NIVEL 2,Homologado,"2.314.820.863,12",10/08/2023,928.965.058,335.697.408,1.264.662.466
B3,B3SA,"B3 S.A. - BRASIL, BOLSA, BALCÃO",NOVO MERCADO,Homologado,"12.548.655.563,88",23/03/2023,5.819.000.000,0,5.819.000.000
BAHEMA,BAHI,BAHEMA EDUCAÇÃO S.A.,MAIS,Homologado,"349.880.928,33",14/04/2023,26.390.582,0,26.390.582
BANCO BMG,BMGB,BANCO BMG S.A.,BOVESPA NIVEL 1,Homologado,"3.742.570.620,89",13/08/2021,372.696.198,210.536.213,583.232.411
BANESTES,BEES,BANESTES S.A. - BCO EST ESPIRITO SANTO,BOLSA,Homologado,"1.600.000.000,00",13/12/2021,231.006.000,84.906.860,315.912.860
BARDELLA,BDLL,BARDELLA S.A. INDUSTRIAS MECANICAS,BOLSA,Homologado,"116.800.000,00",23/04/2001,607.192,992.808,1.600.000
BAUMER,BALM,BAUMER S.A.,BOLSA,Homologado,"70.000.000,00",28/04/2023,4.900.000,4.900.000,9.800.000
BB ETF DAP5,BDAP,BB ETF ÍNDICE DAP5 B3 FUNDO DE ÍNDICE,BOLSA,Homologado,100,25/09/2023,0,100.000,100.000
BB FIXA11,FIXA,BB ETF RENDA FIXA PRÉ ÍNDICE FUTURO DE TAXAS DE JU,BOLSA,Homologado,100,13/06/2019,0,14.600.000,14.600.000
FIAGRO BBGO,BBGO,BB FDO DE INV DE CRÉDITO FIAGRO - IMOBILIÁRIO,BOLSA,Homologado,100,20/12/2021,0,4.005.164,4.005.164
BBSEGURIDADE,BBSE,BB SEGURIDADE PARTICIPAÇÕES S.A.,NOVO MERCADO,Homologado,"6.269.692.280,18",29/04/2022,2.000.000.000,0,2.000.000.000
BBMLOGISTICA,BBML,BBM LOGISTICA S.A.,MAIS,Homologado,"102.489.376,00",17/12/2019,40.760.818,0,40.760.818
ABC BRASIL,ABCB,BCO ABC BRASIL S.A.,BOVESPA NIVEL 2,Homologado,"4.315.017.448,93",30/12/2021,113.445.475,112.644.643,226.090.118
ABC BRASIL,ABCB,BCO ABC BRASIL S.A.,BOVESPA NIVEL 2,Subscrito,"157.113.390,00",26/06/2023,5.565.035,5.280.943,10.845.978
ALFA INVEST,BRIV,BCO ALFA DE INVESTIMENTO S.A.,BOLSA,Homologado,"820.925.000,00",30/03/2023,53.482.129,35.118.455,88.600.584
AMAZONIA,BAZA,BCO AMAZONIA S.A.,BOLSA,Homologado,"3.654.918.098,57",29/04/2022,56.058.315,0,56.058.315
BRADESCO,BBDC,BCO BRADESCO S.A.,BOVESPA NIVEL 1,Homologado,"87.100.000.000,00",10/03/2023,5.330.304.681,5.311.865.547,10.642.170.228
BRASIL,BBAS,BCO BRASIL S.A.,NOVO MERCADO,Homologado,"120.000.000.000,00",28/04/2023,2.865.417.020,0,2.865.417.020
BTGP BANCO,BPAC,BCO BTG PACTUAL S.A.,BOVESPA NIVEL 2,Homologado,"15.839.880.488,92",01/12/2021,7.244.165.568,4.261.954.360,11.506.119.928
BANESE,BGIP,BCO ESTADO DE SERGIPE S.A. - BANESE,BOLSA,Homologado,"548.999.966,90",31/03/2023,8.452.990,8.452.990,16.905.980
BANESE,BGIP,BCO ESTADO DE SERGIPE S.A. - BANESE,BOLSA,Subscrito,"20.999.953,52",12/09/2023,443.786,443.786,887.572
BANPARA,BPAR,BCO ESTADO DO PARA S.A.,BOLSA,Homologado,"1.473.121.569,74",02/06/2021,9.521.649,0,9.521.649
BANRISUL,BRSR,BCO ESTADO DO RIO GRANDE DO SUL S.A.,BOVESPA NIVEL 1,Homologado,"5.200.000.000,00",27/02/2020,205.064.841,203.909.636,408.974.477
MERC INVEST,BMIN,BCO MERCANTIL DE INVESTIMENTOS S.A.,BOLSA,Homologado,"82.028.400,00",09/05/2018,4.115.057,710.143,4.825.200
MERCANTIL,BMEB,BCO MERCANTIL DO BRASIL S.A.,BOVESPA NIVEL 1,Homologado,"597.540.006,00",10/01/2022,65.155.744,39.675.836,104.831.580
NORD BRASIL,BNBR,BCO NORDESTE DO BRASIL S.A.,BOLSA,Homologado,"8.772.600.000,00",31/03/2023,86.371.464,0,86.371.464
BANCO PAN,BPAN,BCO PAN S.A.,BOVESPA NIVEL 1,Homologado,"5.928.320.482,90",29/11/2022,657.560.635,615.638.634,1.273.199.269
PINE,PINE,BCO PINE S.A.,BOVESPA NIVEL 2,Homologado,"852.334.976,25",05/10/2023,98.007.123,88.769.028,186.776.151
SANTANDER BR,SANB,BCO SANTANDER (BRASIL) S.A.,BOLSA,Homologado,"55.000.000.000,00",31/03/2021,3.818.695.031,3.679.836.020,7.498.531.051
BEMOBI TECH,BMOB,BEMOBI MOBILE TECH S.A.,NOVO MERCADO,Homologado,"1.277.508.722,55",10/08/2023,87.003.692,0,87.003.692
BETAPART,BETP,BETAPART PARTICIPACOES S.A.,BOLSA,Homologado,"726.202,62",28/04/2014,2.761.620,0,2.761.620
BIC MONARK,BMKS,BICICLETAS MONARK S.A.,BOLSA,Homologado,"133.009.849,12",27/04/2007,454.750,0,454.750
BIOMM,BIOM,BIOMM S.A.,MAIS,Homologado,"682.988.346,18",17/07/2023,89.100.324,0,89.100.324
BLAU,BLAU,BLAU FARMACÊUTICA S.A.,NOVO MERCADO,Homologado,"1.360.792.711,46",19/05/2021,179.393.939,0,179.393.939
FIAGRO AMAZ,AMAZ,BLOXS AMAZON GREEN LEG FDO INV NAS CAD PROD AGRO,BOLSA,Homologado,100,01/03/2023,0,1.600.000,1.600.000
BOA SAFRA,SOJA,BOA SAFRA SEMENTES S.A.,NOVO MERCADO,Homologado,"468.834.455,40",28/05/2021,117.140.326,0,117.140.326
FIC FI BCNA,BODB,BOCAINA INFRA - FDO INV COTAS FDO INV INFRA RF CP,BOLSA,Homologado,200,27/04/2023,0,29.541.315,29.541.315
BOMBRIL,BOBR,BOMBRIL S.A.,BOLSA,Homologado,"879.784.955,67",14/11/2019,137.615.317,122.894.462,260.509.779
BR PARTNERS,BRBI,BR ADVISORY PARTNERS PARTICIPAÇÕES S.A.,BOVESPA NIVEL 2,Homologado,"674.940.442,77",26/01/2022,200.546.184,114.440.928,314.987.112
BR MALLS PAR,BRML,BR MALLS PARTICIPACOES S.A.,BOLSA,Homologado,"10.406.862.080,33",04/02/2022,828.273.884,0,828.273.884
BR PROPERT,BRPR,BR PROPERTIES S.A.,BOLSA,Homologado,"1.234.268,59",30/06/2023,464.432,0,464.432
BRAD FIM HY,BRHY,BRADESCO FDO INV MULTIMERCADO CRÉD PRIV HY,BOLSA,Homologado,100,30/06/2022,0,1.000.000,1.000.000
BRADESCO LSG,BDLS,BRADESCO LEASING S.A. ARREND MERCANTIL,BOLSA,Homologado,"2.312.267.291,29",07/10/2016,23.585,0,23.585
BRADESPAR,BRAP,BRADESPAR S.A.,BOVESPA NIVEL 1,Homologado,"4.600.124.804,30",27/04/2023,137.989.898,255.106.712,393.096.610
BRASILAGRO,AGRO,BRASILAGRO - CIA BRAS DE PROP AGRICOLAS,NOVO MERCADO,Homologado,"1.587.987.665,07",19/09/2023,102.683.444,0,102.683.444
BRASKEM,BRKM,BRASKEM S.A.,BOVESPA NIVEL 1,Homologado,"8.043.222.080,50",18/02/2022,451.668.652,345.539.182,797.207.834
BRAZILIAN FR,BFRE,BRAZILIAN FINANCE E REAL ESTATE S.A.,BOLSA,Homologado,"107.661.784,69",30/12/2014,239,478,717
BRAZILIAN SC,BSCS,BRAZILIAN SECURITIES CIA DE SECURITIZACAO,BOLSA,Homologado,"174.201.387,67",02/10/2015,77.864.966,0,77.864.966
BRB BANCO,BSLI,BRB BCO DE BRASILIA S.A.,BOLSA,Homologado,"1.300.000.000,00",03/08/2020,280.146.500,82.900.000,363.046.500
BRF SA,BRFS,BRF S.A.,NOVO MERCADO,Homologado,"13.653.417.953,36",13/07/2023,1.682.473.246,0,1.682.473.246
BRISANET,BRIT,BRISANET PARTICIPAÇÕES S.A.,NOVO MERCADO,Homologado,"1.321.859.218,92",26/07/2021,449.094.916,0,449.094.916
BRQ,BRQB,BRQ SOLUCOES EM INFORMATICA S.A.,MAIS,Homologado,"56.276.516,12",27/12/2019,133.186.083,0,133.186.083
FIP BRZ IE,BRZP,"BRZ INFRA PORTOS FDO, INV. EM PART. INFRAESTRUTURA",FIP IE,Homologado,100,07/07/2020,0,5.040.000,5.040.000
FIAGRO BTAG,BTAG,BTG PACTUAL CRÉDITO AGRÍCOLA - FIAGRO DIR CRED,BOLSA,Homologado,100,04/03/2022,0,3.004.438,3.004.438
FIC INFR BTG,BDIF,BTG PACTUAL DÍVIDA INFRA FIC. FDO. INC. IE. RF. CP,BOLSA,Homologado,100,28/09/2023,0,8.202.966,8.202.966
FIC INFR BTG,BDIF,BTG PACTUAL DÍVIDA INFRA FIC. FDO. INC. IE. RF. CP,BOLSA,Subscrito,100,27/09/2023,0,6.574.077,6.574.077
FIP BTGDV IE,BDIV,BTG PACTUAL IE DIV. FDO INV. PART. IE,FIP IE,Homologado,200,27/01/2022,0,10.693.825,10.693.825
BTG DEB DI,DEBB,BTG PACTUAL TEVA DEBÊNTURES DI FUNDO DE ÍNDICE,BOLSA,Homologado,100,27/06/2022,0,2.000.000,2.000.000
CABINDA PART,CABI,CABINDA PARTICIPACOES S.A.,BOLSA,Homologado,"939.809,85",10/02/2023,2.548.000,0,2.548.000
CAIXA SEGURI,CXSE,CAIXA SEGURIDADE PARTICIPAÇÕES S.A.,NOVO MERCADO,Homologado,"2.756.687.167,02",15/09/2020,3.000.000.000,0,3.000.000.000
CAMBUCI,CAMB,CAMBUCI S.A.,BOLSA,Homologado,"45.937.335,19",15/09/2021,42.275.080,0,42.275.080
CAMIL,CAML,CAMIL ALIMENTOS S.A.,NOVO MERCADO,Homologado,"950.373.789,63",01/02/2023,350.000.000,0,350.000.000
FIAGRO CPTR,CPTR,CAPITANIA AGRO STRATEGIES FIAGRO IMOBILIÁRIO,BOLSA,Homologado,200,04/09/2023,0,41.380.060,41.380.060
FIC IE CAP,CPTI,CAPITÂNIA INFRA FDO. INV. FDO. IE. RF. CRED. PRIV.,BOLSA,Homologado,200,08/09/2023,0,7.422.138,7.422.138
CCR SA,CCRO,CCR S.A.,NOVO MERCADO,Homologado,"6.126.100.230,54",09/02/2017,2.020.000.000,0,2.020.000.000
CEA MODAS,CEAB,CEA MODAS S.A.,NOVO MERCADO,Homologado,"1.849.418.624,00",24/10/2019,308.245.068,0,308.245.068
CEMEPE,MAPT,CEMEPE INVESTIMENTOS S.A.,BOLSA,Homologado,"23.550.366,68",16/11/2015,454.455,464.440,918.895
CEMIG DIST,CMGD,CEMIG DISTRIBUICAO S.A.,BOLSA,Homologado,"6.284.312.379,25",14/07/2023,2.359.113.452,0,2.359.113.452
CEMIG GT,CMGT,CEMIG GERACAO E TRANSMISSAO S.A.,BOLSA,Homologado,"5.490.129.699,43",31/10/2022,2.896.785.358,0,2.896.785.358
ELETROBRAS,ELET,CENTRAIS ELET BRAS S.A. - ELETROBRAS,BOVESPA NIVEL 1,Homologado,"70.099.825.620,79",05/01/2023,2.027.011.498,280.088.314,2.307.099.812
CELESC,CLSC,CENTRAIS ELET DE SANTA CATARINA S.A.,BOVESPA NIVEL 2,Homologado,"2.480.000.000,00",29/04/2021,15.527.137,23.044.454,38.571.591
P.ACUCAR-CBD,PCAR,CIA BRASILEIRA DE DISTRIBUICAO,NOVO MERCADO,Homologado,"1.333.064.889,72",14/02/2023,270.139.069,0,270.139.069
CASAN,CASN,CIA CATARINENSE DE AGUAS E SANEAM.-CASAN,BOLSA,Homologado,"1.118.641.022,64",29/06/2022,473.629.304,476.110.281,949.739.585
CASAN,CASN,CIA CATARINENSE DE AGUAS E SANEAM.-CASAN,BOLSA,Subscrito,"108.510.631,80",10/07/2023,45.943.081,46.183.741,92.126.822
CELGPAR,GPAR,CIA CELG DE PARTICIPACOES - CELGPAR,BOLSA,Homologado,"602.350.701,85",17/04/2023,79.676.502,0,79.676.502
CEG,CEGR,CIA DISTRIB DE GAS DO RIO DE JANEIRO-CEG,BOLSA,Homologado,"644.459.816,32",27/04/2018,259.637.732,0,259.637.732
CODESA,CDES,CIA DOCAS DO ESPRITO SANTO - CODESA,OUTROS,Homologado,"542.031.088,00",13/01/2022,6.535.189.321,0,6.535.189.321
COELBA,CEEB,CIA ELETRICIDADE EST. DA BAHIA - COELBA,BOLSA,Homologado,"2.988.161.799,23",27/07/2018,151.997.609,110.098.478,262.096.087
CEB,CEBR,CIA ENERGETICA DE BRASILIA,BOLSA,Homologado,"566.025.355,62",14/10/2021,35.920.890,36.161.025,72.081.915
CEMIG,CMIG,CIA ENERGETICA DE MINAS GERAIS - CEMIG,BOVESPA NIVEL 1,Homologado,"11.006.853.442,00",29/04/2022,735.847.624,1.465.523.064,2.201.370.688
CELPE,CEPE,CIA ENERGETICA DE PERNAMBUCO - CELPE,BOLSA,Homologado,"663.177.693,34",22/02/2017,66.302.693,8.309.695,74.612.388
COELCE,COCE,CIA ENERGETICA DO CEARA - COELCE,BOLSA,Homologado,"1.282.346.885,77",25/04/2023,48.067.937,29.787.362,77.855.299
COSERN,CSRN,CIA ENERGETICA DO RIO GDE NORTE - COSERN,BOLSA,Homologado,"542.339.236,13",14/03/2017,129.746.219,38.327.809,168.074.028
CEEE-D,CEED,CIA ESTADUAL DE DISTRIB ENER ELET-CEEE-D,BOLSA,Homologado,"3.385.861.097,24",05/07/2021,68.090.916,164.014,68.254.930
CEEE-G,CGEE,CIA ESTADUAL DE GERAÇÃO DE ENERGIA ELÉTRICA-CEEE-G,BOLSA,Homologado,"755.961.646,95",22/09/2022,9.491.023,145.543,9.636.566
CEEE-T,EEEL,CIA ESTADUAL DE TRANSMISSÃO DE ENER. ELET-CEEE-T,BOLSA,Homologado,"981.342.763,72",16/12/2022,9.480.088,112.356,9.592.444
FERBASA,FESA,CIA FERRO LIGAS DA BAHIA - FERBASA,BOVESPA NIVEL 1,Homologado,"1.470.395.617,65",28/08/2023,29.440.000,58.880.000,88.320.000
CEDRO,CEDO,CIA FIACAO TECIDOS CEDRO CACHOEIRA,BOVESPA NIVEL 1,Homologado,"150.000.000,00",29/04/2011,5.707.104,4.292.896,10.000.000
COMGAS,CGAS,CIA GAS DE SAO PAULO - COMGAS,BOLSA,Homologado,"536.315.493,02",01/07/2019,103.862.768,28.657.819,132.520.587
HABITASUL,HBTS,CIA HABITASUL DE PARTICIPACOES,BOLSA,Homologado,"177.181.809,47",29/04/2022,3.152.764,5.980.923,9.133.687
IND CATAGUAS,CATA,CIA INDUSTRIAL CATAGUASES,BOLSA,Homologado,"73.288.033,75",30/04/2009,144.198,1.109,145.307
MELHOR SP,MSPA,CIA MELHORAMENTOS DE SAO PAULO,BOLSA,Homologado,"153.718.776,00",20/04/2017,5.631.445,773.504,6.404.949
COPEL,CPLE,CIA PARANAENSE DE ENERGIA - COPEL,BOVESPA NIVEL 2,Homologado,"12.831.618.938,25",06/09/2023,1.300.347.300,1.682.463.291,2.982.810.591
PAR AL BAHIA,PEAB,CIA PARTICIPACOES ALIANCA DA BAHIA,BOLSA,Homologado,"410.358.800,00",29/04/2016,6.425.139,6.425.139,12.850.278
PAUL F LUZ,PALF,CIA PAULISTA DE FORCA E LUZ,BOLSA,Homologado,"1.343.322.533,71",29/04/2021,880.653.031,0,880.653.031
CPFL PIRATIN,CPFP,CIA PIRATININGA DE FORCA E LUZ,BOLSA,Homologado,"263.085.254,03",28/04/2022,53.096.770.180,0,53.096.770.180
SABESP,SBSP,CIA SANEAMENTO BASICO EST SAO PAULO,NOVO MERCADO,Homologado,"15.000.000.000,00",13/12/2018,683.509.869,0,683.509.869
COPASA,CSMG,CIA SANEAMENTO DE MINAS GERAIS-COPASA MG,NOVO MERCADO,Homologado,"3.402.385.609,47",19/11/2020,380.253.069,0,380.253.069
SANEPAR,SAPR,CIA SANEAMENTO DO PARANA - SANEPAR,BOVESPA NIVEL 2,Homologado,"6.000.000.000,00",28/04/2023,503.735.259,1.007.470.260,1.511.205.519
SEG AL BAHIA,CSAB,CIA SEGUROS ALIANCA DA BAHIA,BOLSA,Homologado,"100.000.000,00",30/03/2009,3.840.000,3.840.000,7.680.000
SID NACIONAL,CSNA,CIA SIDERURGICA NACIONAL,BOLSA,Homologado,"10.240.000.000,00",18/05/2022,1.326.093.947,0,1.326.093.947
COTEMINAS,CTNM,CIA TECIDOS NORTE DE MINAS COTEMINAS,BOLSA,Homologado,"882.235.698,00",04/09/2015,13.912.800,16.723.657,30.636.457
SANTANENSE,CTSA,CIA TECIDOS SANTANENSE,BOLSA,Homologado,"180.000.000,00",17/10/2022,9.510.277,18.314.504,27.824.781
CIELO,CIEL,CIELO S.A. - INSTITUIÇÃO DE PAGAMENTO,NOVO MERCADO,Homologado,"5.700.000.000,00",20/04/2018,2.716.815.061,0,2.716.815.061
CIMS,CMSA,CIMS S.A.,BOLSA,Homologado,"2.543.855,70",26/05/2023,22.976.853,45.953.546,68.930.399
CLEARSALE,CLSA,CLEAR SALE S.A.,NOVO MERCADO,Homologado,"819.218.753,89",02/09/2021,187.926.060,0,187.926.060
VIVEO,VVEO,CM HOSPITALAR S.A.,NOVO MERCADO,Homologado,"2.549.392.366,31",02/08/2023,322.820.608,0,322.820.608
COGNA ON,COGN,COGNA EDUCAÇÃO S.A.,NOVO MERCADO,Homologado,"7.667.615.402,90",11/02/2020,1.876.606.210,0,1.876.606.210
COMERC PAR,COMR,COMERC PARTICIPACOES S.A.,BOLSA,Homologado,"3.657.793.097,58",18/03/2022,363.029.262,0,363.029.262
CBA,CBAV,COMPANHIA BRASILEIRA DE ALUMÍNIO,NOVO MERCADO,Homologado,"4.749.459.728,46",13/07/2021,595.833.333,0,595.833.333
COMPASS,PASS,COMPASS GAS E ENERGIA S.A.,BOLSA,Homologado,"2.272.499.508,53",05/10/2021,628.487.690,85.702.405,714.190.095
CONC RAPOSO,RPTA,CONC AUTO RAPOSO TAVARES S.A.,BOLSA,Homologado,"2.451.400.000,00",13/07/2022,6.301.299.488,6.301.299.487,12.602.598.975
GRUAIRPORT,AGRU,CONC DO AEROPORTO INTERNACIONAL DE GUARULHOS S.A.,SOMA,Homologado,"2.624.558.093,54",07/12/2017,3.033.541.675,0,3.033.541.675
ECOVIAS,ECOV,CONC ECOVIAS IMIGRANTES S.A.,BOLSA,Homologado,"302.547.000,00",28/11/2006,262.452.000,0,262.452.000
CONC RIO TER,CRTE,CONC RIO-TERESOPOLIS S.A.,BOLSA,Homologado,"57.899.999,89",15/05/2023,48.786,37.680,86.466
ECOPISTAS,ASCP,CONC ROD AYRTON SENNA E CARV PINTO S.A.-ECOPISTAS,BOLSA,Homologado,"287.664.883,37",14/04/2023,287.664.883,0,287.664.883
VIAOESTE,VOES,CONC ROD.OESTE SP VIAOESTE S.A,BOLSA,Homologado,"139.762.922,42",31/05/2007,6.988.146.121,6.988.146.121,13.976.292.242
ROD TIETE,RDVT,CONC RODOVIAS DO TIETÊ S.A.,BOLSA,Homologado,"303.578.475,96",30/06/2015,30.357.847.596,0,30.357.847.596
RT BANDEIRAS,CRBD,CONC ROTA DAS BANDEIRAS S.A.,BOLSA,Homologado,"556.799.050,00",27/10/2010,278.399.525,278.399.525,556.799.050
AUTOBAN,ANHB,CONC SIST ANHANG-BANDEIRANT S.A. AUTOBAN,BOLSA,Homologado,"246.750.000,00",30/08/2012,175.000.000,0,175.000.000
CONFIANZA SA,NOOS,CONFIANZA SECURITIZADORA SA,OUTROS,Homologado,"2.354.547,00",25/04/2023,2.354.547,0,2.354.547
ODERICH,ODER,CONSERVAS ODERICH S.A.,BOLSA,Homologado,"210.000.000,00",26/04/2023,9.858.589,1.428.517,11.287.106
ALFA CONSORC,BRGE,CONSORCIO ALFA DE ADMINISTRACAO S.A.,BOLSA,Homologado,"501.901.000,00",30/03/2023,40.394.932,33.251.456,73.646.388
CONST A LIND,CALI,CONSTRUTORA ADOLPHO LINDENBERG S.A.,BOLSA,Homologado,"13.153.049,92",28/04/2022,3.720.971,0,3.720.971
TENDA,TEND,CONSTRUTORA TENDA S.A.,NOVO MERCADO,Homologado,"1.330.204.378,49",04/09/2023,123.094.246,0,123.094.246
COR RIBEIRO,CORR,CORREA RIBEIRO S.A. COMERCIO E INDUSTRIA,BOLSA,Homologado,"1.423.541,58",27/04/2011,7.815,15.338,23.153
COSAN,CSAN,COSAN S.A.,NOVO MERCADO,Homologado,"8.402.543.550,97",29/04/2022,1.874.070.932,0,1.874.070.932
CPFL ENERGIA,CPFE,CPFL ENERGIA S.A.,NOVO MERCADO,Homologado,"9.435.625.759,75",27/06/2019,1.152.254.440,0,1.152.254.440
CPFL RENOVAV,CPRE,CPFL ENERGIAS RENOVÁVEIS S.A.,BOLSA,Homologado,"4.032.291.914,16",30/09/2020,593.782.504,0,593.782.504
CPFL GERACAO,CPFG,CPFL GERACAO DE ENERGIA S.A.,BOLSA,Homologado,"2.022.782.718,80",26/04/2021,225.137.769.366,0,225.137.769.366
MERC FINANC,MERC,"CREDITAQUI FINANCEIRA S.A. CRÉDITO, FINANCIAMENT",BOLSA,Homologado,"135.075.000,00",20/04/2023,10.179.565,7.830.435,18.010.000
CRUZEIRO EDU,CSED,CRUZEIRO DO SUL EDUCACIONAL S.A.,NOVO MERCADO,Homologado,"1.264.189.728,70",28/03/2023,367.048.752,0,367.048.752
CSNMINERACAO,CMIN,CSN MINERAÇÃO S.A.,BOVESPA NIVEL 2,Homologado,"7.473.979.884,36",18/05/2022,5.485.338.838,0,5.485.338.838
CSU DIGITAL,CSUD,CSU DIGITAL S.A.,NOVO MERCADO,Homologado,"229.231.849,61",04/05/2023,41.800.000,0,41.800.000
CTC S.A.,CTCA,CTC - CENTRO DE TECNOLOGIA CANAVIEIRA S.A.,MAIS,Homologado,"562.203.309,12",04/01/2021,320.748.000,0,320.748.000
TRAN PAULIST,TRPL,CTEEP - CIA TRANSMISSÃO ENERGIA ELÉTRICA PAULISTA,BOVESPA NIVEL 1,Homologado,"3.590.020.426,94",04/04/2019,257.937.732,400.945.572,658.883.304
CURY S/A,CURY,CURY CONSTRUTORA E INCORPORADORA S.A.,NOVO MERCADO,Homologado,"306.846.633,00",17/09/2020,291.875.088,0,291.875.088
CVC BRASIL,CVCB,CVC BRASIL OPERADORA E AGÊNCIA DE VIAGENS S.A.,NOVO MERCADO,Homologado,"1.529.018.074,04",22/06/2023,443.913.975,0,443.913.975
LE BISCUIT,LLBI,CVLB BRASIL S.A.,BOLSA,Homologado,"669.222.294,54",28/04/2023,124.984.764,0,124.984.764
CYRELA REALT,CYRE,CYRELA BRAZIL REALTY S.A.EMPREEND E PART,NOVO MERCADO,Homologado,"3.395.744.524,60",28/04/2016,399.742.799,0,399.742.799
D1000VFARMA,DMVF,D1000 VAREJO FARMA PARTICIPAÇÕES S.A.,NOVO MERCADO,Homologado,"1.035.325.236,61",06/08/2020,50.602.842,0,50.602.842
DESKTOP,DESK,DESKTOP S.A.,NOVO MERCADO,Homologado,"992.835.694,80",25/05/2023,115.243.173,0,115.243.173
FIAGRO DEVAN,DCRA,DEVANT FDO INV NAS CAD PROD AGROIND FIAGRO IMOB,BOLSA,Homologado,100,16/09/2022,0,6.738.905,6.738.905
DEXCO,DXCO,DEXCO S.A.,NOVO MERCADO,Homologado,"3.370.188.626,80",03/05/2023,820.566.246,0,820.566.246
DEXXOS PAR,DEXP,DEXXOS PARTICIPACOES S.A.,BOVESPA NIVEL 1,Homologado,"178.000.000,00",11/01/2022,88.241.730,5.771.805,94.013.535
DASA,DASA,DIAGNOSTICOS DA AMERICA S.A.,NOVO MERCADO,Homologado,"18.032.489.013,94",18/04/2023,752.799.844,0,752.799.844
DIBENS LSG,DBEN,DIBENS LEASING S.A. - ARREND.MERCANTIL,BOLSA,Homologado,"357.187.453,39",07/03/2022,1.504.996.693,0,1.504.996.693
DIMED,PNVL,DIMED S.A. DISTRIBUIDORA DE MEDICAMENTOS,NOVO MERCADO,Homologado,"970.115.772,37",15/05/2023,150.377.481,0,150.377.481
DIRECIONAL,DIRR,DIRECIONAL ENGENHARIA S.A.,NOVO MERCADO,Homologado,"1.181.857.399,80",29/06/2023,173.500.000,0,173.500.000
DMFINANCEIRA,DMFN,"DM FINANCEIRA S.A. - CRÉDITO, FINANC E INVEST",BOLSA,Homologado,"12.351.465,87",28/04/2005,913.778,0,913.778
DOHLER,DOHL,DOHLER S.A.,BOLSA,Homologado,"320.000.000,00",28/04/2023,54.467.820,21.177.465,75.645.285
DOLUNAY,D4LU,DOLUNAY EMPREENDIMENTOS E PARTICIPAÇÕES S/A,OUTROS,Homologado,100,06/01/2023,0,2,2
DOTZ SA,DOTZ,DOTZ S.A.,NOVO MERCADO,Homologado,"203.113.717,67",30/06/2021,132.068.352,0,132.068.352
DTCOM-DIRECT,DTCY,DTCOM - DIRECT TO COMPANY S.A.,BOLSA,Homologado,"68.223.102,16",28/01/2021,10.680.476,450.655,11.131.131
FIAGRO ECO,EGAF,ECOAGRO I FDO INV CADEIAS PROD AGROIND FIAGRO IMOB,BOLSA,Homologado,100,09/10/2023,0,1.888.921,1.888.921
FIAGRO ECO,EGAF,ECOAGRO I FDO INV CADEIAS PROD AGROIND FIAGRO IMOB,BOLSA,Subscrito,100,10/10/2023,0,2.043.319,2.043.319
ECON,ERDV,ECORODOVIAS CONCESSÕES E SERVIÇOS S.A.,BOLSA,Homologado,"2.107.439.658,24",12/06/2023,2.107.439.658,0,2.107.439.658
ECORODOVIAS,ECOR,ECORODOVIAS INFRAESTRUTURA E LOGÍSTICA S.A.,NOVO MERCADO,Homologado,"2.101.489.404,07",23/06/2021,696.334.224,0,696.334.224
ENERGIAS BR,ENBR,EDP - ENERGIAS DO BRASIL S.A.,BOLSA,Homologado,"6.002.715.947,12",11/04/2023,581.165.268,0,581.165.268
ESCELSA,ESCE,EDP ESPIRITO SANTO DISTRIBUIÇÃO DE ENERGIA S.A.,BOLSA,Homologado,"650.572.403,40",04/01/2016,5.876.012,0,5.876.012
EBE,EBEN,EDP SÃO PAULO DISTRIBUIÇÃO DE ENERGIA S.A.,BOLSA,Homologado,"596.669.107,23",04/01/2016,39.091.735.037,0,39.091.735.037
ACO ALTONA,EALT,ELECTRO ACO ALTONA S.A.,BOLSA,Homologado,"57.184.079,84",29/04/2021,9.750.000,12.750.000,22.500.000
ELEKTRO,EKTR,ELEKTRO REDES S.A.,BOLSA,Homologado,"952.491.950,14",31/03/2008,91.880.972,101.878.293,193.759.265
ELETROPAR,LIPR,ELETROBRÁS PARTICIPAÇÕES S.A. - ELETROPAR,BOLSA,Homologado,"118.054.887,48",25/08/2010,11.764.889,0,11.764.889
ELETROMIDIA,ELMD,ELETROMIDIA S.A.,NOVO MERCADO,Homologado,"218.062.196,00",17/02/2022,139.983.753,0,139.983.753
ELETROPAULO,ELPL,ELETROPAULO METROP. ELET. SAO PAULO S.A.,BOLSA,Homologado,"3.079.524.934,33",30/12/2019,197.466.862,0,197.466.862
EMAE,EMAE,EMAE - EMPRESA METROP.AGUAS ENERGIA S.A.,BOLSA,Homologado,"285.411.308,35",26/07/2007,14.705.370,22.241.714,36.947.084
EMBPAR S/A,EPAR,EMBPAR PARTICIPACOES S.A.,BOLSA,Homologado,"45.000.000,00",23/10/2019,14.860.568,0,14.860.568
EMBRAER,EMBR,EMBRAER S.A.,NOVO MERCADO,Homologado,"5.159.617.052,42",05/03/2018,740.465.044,0,740.465.044
PAGUE MENOS,PGMN,EMPREENDIMENTOS PAGUE MENOS S.A.,NOVO MERCADO,Homologado,"1.647.538.679,14",03/10/2023,541.780.460,0,541.780.460
ENAUTA PART,ENAT,ENAUTA PARTICIPAÇÕES S.A.,NOVO MERCADO,Homologado,"2.135.496.103,82",02/03/2011,265.806.905,0,265.806.905
FIP END DEBT,ENDD,ENDURANCE DEBT FDO. INVEST. PART. INFRA.,FIP IE,Homologado,100,26/01/2021,0,4.100.000,4.100.000
ENERSUL,ENER,ENERGISA MATO GROSSO DO SUL - DIST DE ENERGIA S.A.,BOLSA,Homologado,"616.732.727,62",27/04/2016,647.015,0,647.015
ENERGISA MT,ENMT,ENERGISA MATO GROSSO-DISTRIBUIDORA DE ENERGIA S/A,BOLSA,Homologado,"1.677.112.703,58",24/04/2020,75.529.774,143.412.165,218.941.939
ENERGISA,ENGI,ENERGISA S.A.,BOVESPA NIVEL 2,Homologado,"5.047.374.702,32",26/04/2023,800.898.864,1.238.187.676,2.039.086.540
ENEVA,ENEV,ENEVA S.A,NOVO MERCADO,Homologado,"13.262.193.182,08",02/03/2023,1.584.572.378,0,1.584.572.378
ENGIE BRASIL,EGIE,ENGIE BRASIL ENERGIA S.A.,NOVO MERCADO,Homologado,"4.902.647.710,37",07/12/2018,815.927.740,0,815.927.740
ENJOEI,ENJU,ENJOEI S.A.,NOVO MERCADO,Homologado,"634.395.991,18",21/06/2023,202.630.588,0,202.630.588
EQUATORIAL,EQTL,EQUATORIAL ENERGIA S.A.,NOVO MERCADO,Homologado,"9.310.527.507,67",25/04/2023,1.145.347.190,0,1.145.347.190
EQTLMARANHAO,EQMA,EQUATORIAL MARANHÃO DISTRIBUIDORA DE ENERGIA S.A.,SOMA,Homologado,"1.651.592.395,05",28/04/2021,161.318.939,2.864.960,164.183.899
EQTL PARA,EQPA,EQUATORIAL PARA DISTRIBUIDORA DE ENERGIA S.A.,BOLSA,Homologado,"1.624.458.979,18",29/04/2019,2.204.620.569,4.453.438,2.209.074.007
ETERNIT,ETER,ETERNIT S.A.,NOVO MERCADO,Homologado,"438.081.465,61",29/09/2021,61.776.575,0,61.776.575
BRAD IMA-B,IMBB,ETF BRADESCO IMA-B FUNDO DE ÍNDICE,BOLSA,Homologado,100,27/11/2019,0,8.400.000,8.400.000
BRAD IMA-B5M,B5MB,ETF BRADESCO IMA-B5+ FUNDO DE ÍNDICE,BOLSA,Homologado,100,28/11/2019,0,1.500.000,1.500.000
EUCATEX,EUCA,EUCATEX S.A. INDUSTRIA E COMERCIO,BOVESPA NIVEL 1,Homologado,"851.940.928,08",31/07/2020,31.257.700,61.361.556,92.619.256
EUROFARMA SA,EUFA,EUROFARMA LABORATORIOS S.A,MAIS NIVEL 2,Homologado,"1.203.877.781,57",20/12/2022,987.568.073,0,987.568.073
EVEN,EVEN,EVEN CONSTRUTORA E INCORPORADORA S.A.,NOVO MERCADO,Homologado,"1.657.409.998,31",24/08/2023,200.000.000,0,200.000.000
EXCELSIOR,BAUH,EXCELSIOR ALIMENTOS S.A.,BOLSA,Homologado,"44.470.412,86",27/08/2021,2.846.929,2.375.293,5.222.222
EZTEC,EZTC,EZ TEC EMPREEND. E PARTICIPACOES S.A.,NOVO MERCADO,Homologado,"2.888.996.908,17",12/05/2022,220.989.103,0,220.989.103
FIM F3 FUNDS,FSPM,F3 FUNDSHARES PORTFÓLIO FDO INV MULT,BOLSA,Homologado,100,02/08/2023,0,107.028,107.028
FIAGRO AGRX,AGRX,FDO INV CAD PRO AGRO EXES ARAGUAIA FIAGRO IMOB,BOLSA,Homologado,200,20/04/2023,0,9.561.172,9.561.172
FIAGRO RIZA,RZAG,FDO INV CADEIAS PROD AGRO RIZA AGRO FIAGRO IMOB,BOLSA,Homologado,200,19/09/2022,0,68.040.425,68.040.425
FIAGRO JGP,JGPX,FDO INV CADEIAS PROD AGROIND JGP CRED FIAGRO IMOB,BOLSA,Homologado,200,02/08/2023,0,2.141.248,2.141.248
FIP IE I,ESUU,FDO INV PART IE BB VOTORANTIM ENERG SUSTENT I,FIP IE,Homologado,100,18/08/2011,0,22.292,22.292
FIP IE II,ESUD,FDO INV PART IE BB VOTORANTIM ENERG SUSTENT II,FIP IE,Homologado,100,18/08/2011,0,113.136,113.136
FIP IE III,ESUT,FDO INV PARTE IE BB VOTORANTIM ENERG SUSTENT III,FIP IE,Homologado,100,18/08/2011,0,108.085,108.085
FIP NVRAPOSO,NVRP,FDO INV PART NOVA RAPOSO - MULTIESTRATÉGIA,FIP MT,Homologado,100,13/11/2014,0,300.000,300.000
FGENERGIA,FGEN,FERREIRA GOMES ENERGIA S.A.,BOLSA,Homologado,"807.080.529,00",16/01/2018,807.080.529,0,807.080.529
FER C ATLANT,VSPT,FERROVIA CENTRO-ATLÂNTICA S.A.,BOLSA,Homologado,"4.663.323.193,63",09/08/2021,142.807.784,19,142.807.803
FIAGRO FGA,FGAA,FG/AGRO FDO DE INVEST - FIAGRO - IMOBILIÁRIO,BOLSA,Homologado,200,28/07/2023,0,45.081.449,45.081.449
FICA,FIEI,FICA EMPREENDIMENTOS IMOBILIÁRIOS S.A,BOLSA,Homologado,"122.649.267,88",29/04/2022,2.422.153,0,2.422.153
ALFA FINANC,CRIV,FINANCEIRA ALFA S.A.- CRED FINANC E INVS,BOLSA,Homologado,"529.540.000,00",30/03/2023,58.736.269,44.206.287,102.942.556
FT CAPSTRENG,BFTS,PRIMEIRO ETF DE FORÇA DE CAPITAL FIDUCIÁRIO,BOLSA,Homologado,000,10/06/2021,0,861.200.000,861.200.000
CPT FT NUVEM,BKYY,PRIMEIRO ETF DE COMPUTAÇÃO EM NUVEM TRUST,BOLSA,Homologado,000,10/06/2021,0,599.000.000,599.000.000
ESTAGIÁRIO FT DJ,BFDN,PRIMEIRO FUNDO FIDUCIÁRIO DOW JONES INTERNET INDEX,BOLSA,Homologado,000,10/06/2021,0,1.314.000.000,1.314.000.000
FT HCAREALPH,BFXH,FUNDO ALPHADEX DE CUIDADOS DE SAÚDE FIRST TRUST,BOLSA,Homologado,000,10/06/2021,0,194.250.000,194.250.000
FT INTL EQOP,PBF,FIRST TRUST INTERNATIONAL EQUITY OPPORTUNITIES ETF,BOLSA,Homologado,000,10/06/2021,0,145.200.000,145.200.000
FT LCAPGROW,BFTC,PRIMEIRO FUNDO TRUST LARGE CAP GROWTH ALPHADEX,BOLSA,Homologado,100,10/06/2021,0,107.500.000,107.500.000
FTMOR DV LEA,BFDL,ÍNDICE DE LÍDERES DE DIVIDENDOS MORNINGSTAR FIRST TRUST,BOLSA,Homologado,000,10/06/2021,0,195.400.000,195.400.000
FT NSQ VERDE,BQCL,ÍNDICE DE ENERGIA VERDE FIRST TRUST NASDAQ CLEAN EDGE,BOLSA,Homologado,000,20/01/2022,0,324.400.000,324.400.000
FT NASDCYBER,BCIR,ETF DE SEGURANÇA CIBERNÉTICA FIRST TRUST NASDAQ,BOLSA,Homologado,000,10/06/2021,0,417.250.000,417.250.000
FT NASD100EQ,BQQW,PRIMEIRO FUNDO DE ÍNDICE DE PESO IGUAL NASDAQ-100,BOLSA,Homologado,000,10/06/2021,0,112.500.000,112.500.000
FT NASD100TC,BQTC,ÍNDICE DO SETOR DE TECNOLOGIA NASDAQ-100 FIRST TRUST,BOLSA,Homologado,000,10/06/2021,0,341.250.000,341.250.000
FT NAT GAS,BFCG,FIRST TRUST NATURAL GAS ETF,BOLSA,Homologado,000,10/06/2021,0,34.396.740,34.396.740
FT NYSE BIOT,BFBI,FIRST TRUST NYSE ARCA BIOTECHNOLOGY INDEX FUND,BOLSA,Homologado,000,11/06/2021,0,228.000.000,228.000.000
FT RISIDIVID,BFDA,FIRST TRUST RISING DIVIDEND ACHIEVERS ETF,BOLSA,Homologado,000,10/06/2021,0,476.500.000,476.500.000
FT TECH ALPH,BFTA,FIRST TRUST TECHNOLOGY ALPHADEX FUND,BOLSA,Homologado,000,10/06/2021,0,314.325.000,314.325.000
FT EQ OPPORT,BFPX,FIRST TRUST US EQUITY OPPORTUNITIES ETF,BOLSA,Homologado,000,10/06/2021,0,238.500.000,238.500.000
FT VLINE DIV,BFVD,FIRST TRUST VALUE LINE DIVIDEND INDEX FUND,BOLSA,Homologado,000,10/06/2021,0,1.182.563.600,1.182.563.600
FLEURY,FLRY,FLEURY S.A.,NOVO MERCADO,Homologado,"2.762.949.636,54",05/09/2023,547.191.026,0,547.191.026
FRAS-LE,FRAS,FRAS-LE S.A.,BOVESPA NIVEL 1,Homologado,"1.229.400.001,32",07/04/2022,270.016.343,0,270.016.343
GAFISA,GFSA,GAFISA S.A.,NOVO MERCADO,Homologado,"1.416.121.692,66",20/09/2023,63.260.176,0,63.260.176
GAIA AGRO,GAFL,GAIA IMPACTO SECURITIZADORA S.A.,BOLSA,Homologado,"1.190.148,00",14/12/2020,1.190.148,0,1.190.148
FIAGRO GLPG,GCRA,GALÁPAGOS RECEBÍVEIS DO AGRONEGÓCIO FIAGRO-IMOB,BOLSA,Homologado,200,07/06/2022,0,1.750.865,1.750.865
GAMA PART,OPGM,GAMA PARTICIPACOES S.A.,BOLSA,Homologado,"1.320.950,34",27/04/2015,1.935.716,0,1.935.716
GENERALSHOPP,GSHP,GENERAL SHOPPING E OUTLETS DO BRASIL S.A.,BOLSA,Homologado,"389.625.569,00",11/12/2019,1.928.769,0,1.928.769
GERDAU,GGBR,GERDAU S.A.,BOVESPA NIVEL 1,Homologado,"20.289.409.000,00",28/02/2023,600.526.442,1.156.540.608,1.757.067.050
GETNINJAS,NINJ,GETNINJAS S.A.,NOVO MERCADO,Homologado,"298.217.915,68",31/08/2023,50.797.017,0,50.797.017
GX AI TECH,BAIQ,GLOBAL X ARTIFICIAL INTELLIGENCE & TECHNOLOGY ETF,BOLSA,Homologado,000,16/08/2023,0,54.060.000,54.060.000
GX AEVEHICLE,BDRI,GLOBAL X AUTONOMOUS & ELECTRIC VEHICLES ETF,BOLSA,Homologado,000,06/11/2021,0,38.270.000,38.270.000
GX BLOCKCHAI,BKCH,GLOBAL X BLOCKCHAIN ETF,BOLSA,Homologado,000,18/12/2022,0,5.535.000,5.535.000
GX CANNABIS,BPOT,GLOBAL X CANNABIS ETF,BOLSA,Homologado,000,31/08/2022,0,6.896.700,6.896.700
GX CLEANCH,BCTE,GLOBAL X CLEANTECH ETF,BOLSA,Homologado,000,23/09/2022,0,15.400.000,15.400.000
GX CLOUD CPT,BCLO,GLOBAL X CLOUD COMPUTING ETF,BOLSA,Homologado,000,22/11/2021,0,48.050.000,48.050.000
GX CONSCIUCO,BKRM,GLOBAL X CONSCIOUS COMPANIES ETF,BOLSA,Homologado,000,11/11/2022,0,68.430.000,68.430.000
GX COPPER MN,BCPX,GLOBAL X COPPER MINERS ETF,BOLSA,Homologado,000,22/11/2021,0,26.239.370,26.239.370
GX CYBERSECT,BBUG,GLOBAL X CYBERSECURITY ETF,BOLSA,Homologado,000,23/11/2021,0,32.350.000,32.350.000
GX FINTECH,BFNX,GLOBAL X FINTECH ETF,BOLSA,Homologado,000,22/11/2021,0,28.000.000,28.000.000
GX GENOMBIOT,BGNO,GLOBAL X GENOMICS & BIOTECHNOLOGY ETF,BOLSA,Homologado,000,23/09/2022,0,32.760.000,32.760.000
GX INTERTHGS,BSNS,GLOBAL X INTERNET OF THINGS ETF,BOLSA,Homologado,000,23/09/2022,0,42.360.000,42.360.000
GX LITHIUM B,BLBT,GLOBAL X LITHIUM & BATTERY TECH ETF,BOLSA,Homologado,000,22/11/2021,0,61.164.630,61.164.630
GX MILLECONM,BMIL,GLOBAL X MILLENNIAL CONSUMER ETF,BOLSA,Homologado,000,23/09/2022,0,15.360.000,15.360.000
GX MLP EN IN,BLPX,GLOBAL X MLP & ENERGY INFRASTRUCTURE ETF,BOLSA,Homologado,000,22/11/2021,0,21.227.510,21.227.510
GX MLP ETF,BLPA,GLOBAL X MLP ETF,BOLSA,Homologado,000,06/11/2021,0,29.178.640,29.178.640
GX MSCICHINA,BCHQ,GLOBAL X MSCI CHINA CONSUMER DISCRETIONARY ETF,BOLSA,Homologado,000,06/11/2021,0,21.530.000,21.530.000
GX MSCICHIFL,BHIX,GLOBAL X MSCI CHINA FINANCIALS ETF,BOLSA,Homologado,000,31/08/2022,0,2.970.000,2.970.000
GX NASDAQ100,BQYL,GLOBAL X NASDAQ 100 COVERED CALL ETF,BOLSA,Homologado,000,22/11/2021,0,225.660.000,225.660.000
GX ROBOTC AI,BOTZ,GLOBAL X ROBOTICS & ARTIFICIAL INTELLIGENCE ETF,BOLSA,Homologado,000,22/11/2021,0,74.440.000,74.440.000
GX RUS2000CC,BRYL,GLOBAL X RUSSELL 2000 COVERED CALL ETF,BOLSA,Homologado,000,31/08/2022,0,134.140.000,134.140.000
GX CATHOLVAL,BCAT,GLOBAL X S&P 500 CATHOLIC VALUES ETF,BOLSA,Homologado,000,11/11/2022,0,58.450.000,58.450.000
GX SP 500 CC,BXYL,GLOBAL X S&P 500 COVERED CALL ETF,BOLSA,Homologado,000,31/08/2022,0,189.880.000,189.880.000
GX SILVER MN,BSIL,GLOBAL X SILVER MINERS ETF,BOLSA,Homologado,000,06/11/2021,0,28.637.320,28.637.320
GX SOCIAL MD,BSOC,GLOBAL X SOCIAL MEDIA ETF,BOLSA,Homologado,000,23/11/2021,0,6.420.000,6.420.000
GX SUPERDIVD,BSDV,GLOBAL X SUPERDIVIDEND ETF,BOLSA,Homologado,000,12/12/2022,0,60.439.396,60.439.396
GX SUDIVREIT,BSRE,GLOBAL X SUPERDIVIDEND REIT ETF,BOLSA,Homologado,000,18/11/2022,0,13.013.203,13.013.203
GX SUPDIV US,BDVD,GLOBAL X SUPERDIVIDEND US ETF,BOLSA,Homologado,000,06/11/2021,0,33.260.000,33.260.000
GX TLMEDC DH,BEDC,GLOBAL X TELEMEDICINE & DIGITAL HEALTH ETF,BOLSA,Homologado,000,06/11/2021,0,31.500.000,31.500.000
GX URANIUM,BURA,GLOBAL X URANIUM ETF,BOLSA,Homologado,000,06/11/2021,0,49.781.670,49.781.670
GX INFRA DEV,BPVE,GLOBAL X US INFRASTRUCTURE DEVELOPMENT ETF,BOLSA,Homologado,000,22/11/2021,0,182.830.000,182.830.000
GX USPREFERR,BPFR,GLOBAL X US PREFERRED ETF,BOLSA,Homologado,000,11/11/2022,0,214.180.000,214.180.000
GX VAR RTPRF,BPFV,GLOBAL X VARIABLE RATE PREFERRED ETF,BOLSA,Homologado,000,11/11/2022,0,24.060.000,24.060.000
GX GAMES SPT,BHER,GLOBAL X VIDEO GAMES & ESPORTS ETF,BOLSA,Homologado,000,22/11/2021,0,16.230.000,16.230.000
GOL,GOLL,GOL LINHAS AEREAS INTELIGENTES S.A.,BOVESPA NIVEL 2,Homologado,"4.198.155.613,08",26/07/2023,2.863.682.500,336.919.404,3.200.601.904
GPS,GGPS,GPS PARTICIPACOES E EMPREENDIMENTOS S.A.,NOVO MERCADO,Homologado,"1.738.166.503,05",16/03/2023,672.170.267,0,672.170.267
GRAZZIOTIN,CGRA,GRAZZIOTIN S.A.,BOLSA,Homologado,"421.039.802,56",29/05/2023,8.347.011,11.722.684,20.069.695
FIAGRO GRWA,GRWA,GREENWICH AGRO FIAGRO - IMOBILIÁRIO,BOLSA,Homologado,"12.671.000,00",28/12/2022,0,1.267.100,1.267.100
GRENDENE,GRND,GRENDENE S.A.,NOVO MERCADO,Homologado,"1.231.301.604,46",23/04/2018,902.160.000,0,902.160.000
CASAS BAHIA,BHIA,GRUPO CASAS BAHIA S.A.,NOVO MERCADO,Homologado,"5.449.626.427,48",13/09/2023,2.377.080.572,0,2.377.080.572
GRUPO SOMA,SOMA,GRUPO DE MODA SOMA S.A.,NOVO MERCADO,Homologado,"4.155.810.711,64",14/09/2021,784.747.373,0,784.747.373
GRUPO MATEUS,GMAT,GRUPO MATEUS S.A.,NOVO MERCADO,Homologado,"4.963.115.636,51",12/11/2020,2.209.346.079,0,2.209.346.079
GRUPO SBF,SBFG,GRUPO SBF SA,NOVO MERCADO,Homologado,"1.934.144.922,61",04/08/2023,243.688.980,0,243.688.980
GUARARAPES,GUAR,GUARARAPES CONFECCOES S.A.,NOVO MERCADO,Homologado,"3.100.000.000,00",30/04/2019,499.200.000,0,499.200.000
HAGA S/A,HAGA,HAGA S.A. INDUSTRIA E COMERCIO,BOLSA,Homologado,"10.353.000,00",30/04/2009,3.966.667,7.933.333,11.900.000
HAPVIDA,HAPV,HAPVIDA PARTICIPACOES E INVESTIMENTOS SA,NOVO MERCADO,Homologado,"39.121.274.251,98",12/04/2023,7.539.463.263,0,7.539.463.263
HBR REALTY,HBRE,HBR REALTY EMPREENDIMENTOS IMOBILIARIOS S/A,NOVO MERCADO,Homologado,"1.321.141.551,38",22/01/2021,103.188.981,0,103.188.981
FIAGRO HEDGE,HCRA,HEDGE CRÉDITO AGRO FIAGRO-DIREITOS CREDITÓRIOS,BOLSA,Homologado,200,12/07/2023,0,800.000,800.000
HELBOR,HBOR,HELBOR EMPREENDIMENTOS S.A.,NOVO MERCADO,Homologado,"1.310.225.371,46",10/07/2020,133.851.072,0,133.851.072
HERCULES,HETA,HERCULES S.A. FABRICA DE TALHERES,BOLSA,Homologado,"15.300.000,00",28/08/2015,171.198,338.801,509.999
HIDROVIAS,HBSA,HIDROVIAS DO BRASIL S.A.,NOVO MERCADO,Homologado,"1.359.468.724,73",29/07/2020,760.382.643,0,760.382.643
FIAGRO HIGH,HGAG,HIGH FUNDO DE INVESTIMENTO AGRO FIAGRO IMOB,BOLSA,Homologado,100,18/08/2023,0,248.252,248.252
HMOBI S.A,HMOB,HMOBI PARTICIPAÇÕES S.A.,BOLSA,Homologado,"1.834.130.255,00",08/11/2021,1.834.130.255,0,1.834.130.255
MATER DEI,MATD,HOSPITAL MATER DEI S/A,NOVO MERCADO,Homologado,"1.355.181.784,70",29/10/2021,382.329.821,0,382.329.821
HOTEIS OTHON,HOOT,HOTEIS OTHON S.A.,BOLSA,Homologado,"31.984.164,60",12/08/2015,10.477.917,7.894.494,18.372.411
AGRIBRASIL,GRAO,HUMBERG AGRIBRASIL COM. E EXPORT. DE GRÃOS S.A.,MAIS,Homologado,"69.136.101,62",15/08/2023,95.863.294,0,95.863.294
HYPERA,HYPE,HYPERA S.A.,NOVO MERCADO,Homologado,"4.478.126.287,55",24/11/2020,633.420.823,0,633.420.823
IGUA SA,IGSN,IGUA SANEAMENTO S.A.,MAIS,Homologado,"2.984.373.085,55",12/07/2021,427.804.422,0,427.804.422
IGUATEMI,IGTA,IGUATEMI EMPRESA DE SHOPPING CENTERS S.A,BOLSA,Homologado,"2.304.251.097,90",31/08/2022,174.487.063,0,174.487.063
IGUATEMI S.A,IGTI,IGUATEMI S.A.,BOVESPA NIVEL 1,Homologado,"1.819.551.808,97",01/02/2023,785.167.052,439.642.726,1.224.809.778
INEPAR,INEP,INEPAR S.A. INDUSTRIA E CONSTRUCOES,BOLSA,Homologado,"526.969.061,91",29/09/2023,30.800.736,12.627.232,43.427.968
INFRACOMM,IFCM,INFRACOMMERCE CXAAS S.A.,NOVO MERCADO,Homologado,"1.655.951.001,48",19/06/2023,387.335.513,0,387.335.513
INTELBRAS,INTB,INTELBRAS S.A. IND DE TELEC ELETRONICA BRASILEIRA,NOVO MERCADO,Homologado,"1.700.000.000,00",18/04/2023,327.611.110,0,327.611.110
FIAGRO IAAG,IAAG,INTER AMERRA - FIAGRO - IMOBILIÁRIO,BOLSA,Homologado,100,04/07/2023,0,5.448.766,5.448.766
INTER SA,INNT,INTER CONSTRUTORA E INCORPORADORA S.A.,MAIS,Homologado,"87.206.313,34",31/03/2020,86.885.349,0,86.885.349
FIC INTER,BIDB,INTER INFRA FIC INFRA RENDA FIXA CRÉDITO PRIVADO,BOLSA,Homologado,100,05/10/2021,0,1.345.099,1.345.099
IMC S/A,MEAL,INTERNATIONAL MEAL COMPANY ALIMENTACAO S.A.,NOVO MERCADO,Homologado,"1.170.478.915,19",21/07/2020,286.369.530,0,286.369.530
FIP INSTITUT,OPEQ,INVESTIDORES INSTITUCIONAIS FDO INV PART MULTIESTR,SOMA,Homologado,100,09/01/2023,0,728.975,728.975
INVEST BEMGE,FIGE,INVESTIMENTOS BEMGE S.A.,BOLSA,Homologado,"123.144.439,42",30/04/2015,792.124,1.571.812,2.363.936
INVEPAR,IVPR,INVESTIMENTOS E PARTICIP. EM INFRA S.A. - INVEPAR,SOMA,Homologado,"3.867.919.940,30",28/04/2017,143.057.124,286.114.248,429.171.372
INVESTO BNDX,BNDX,INVESTO BLOOMBERG GLOBAL BOND ETF FDO INV IND - IE,BOLSA,Homologado,100,27/01/2022,0,10.000,10.000
INVESTO USDB,USDB,INVESTO BLOOMBERG US BOND ETF FDO INV IND - IE,BOLSA,Homologado,100,27/01/2022,0,10.000,10.000
INVESTO NTNS,NTNS,INVESTO TEVA TESOURO IPCA+ 0 A 4 ANOS ETF FDO IND,BOLSA,Homologado,100,19/06/2023,0,25.000,25.000
INVESTO LFTS,LFTS,INVESTO TEVA TESOURO SELIC ETF FDO INV INDICE,BOLSA,Homologado,100,08/11/2022,0,50.000,50.000
IOCHP-MAXION,MYPK,IOCHPE MAXION S.A.,NOVO MERCADO,Homologado,"1.576.954.290,05",24/06/2019,153.719.601,0,153.719.601
IRANI,RANI,IRANI PAPEL E EMBALAGEM S.A.,NOVO MERCADO,Homologado,"566.894.847,81",17/08/2022,246.359.319,0,246.359.319
IRBBRASIL RE,IRBR,IRB - BRASIL RESSEGUROS S.A.,NOVO MERCADO,Homologado,"5.453.080.000,00",22/12/2022,82.263.011,1,82.263.012
BKR 0 3M TRS,BSGO,ISHARES 0-3 MONTH TREASURY BOND ETF,BOLSA,Homologado,000,22/11/2022,0,562.000.000,562.000.000
BKR 0 5 YRHY,BHYC,ISHARES 0-5 YEAR HIGH YIELD CORPORATE BOND ETF,BOLSA,Homologado,000,22/11/2022,0,696.400.000,696.400.000
BKR STIP,BSTI,ISHARES 0-5 YEAR TIPS BOND ETF,BOLSA,Homologado,000,25/04/2023,0,1.272.000.000,1.272.000.000
BKR 1 3 YRTR,BSHY,ISHARES 1-3 YEAR TREASURY BOND ETF,BOLSA,Homologado,000,08/02/2022,0,2.011.200.000,2.011.200.000
BKR 1 5YGRCO,BIGS,ISHARES 1-5 YEAR INVESTM GRADE CORPORATE BOND ETF,BOLSA,Homologado,000,22/11/2022,0,2.283.250.000,2.283.250.000
BKR 20YR TRS,BTLT,ISHARES 20 YEAR TREASURY BOND ETF,BOLSA,Homologado,000,08/02/2022,0,1.641.000.000,1.641.000.000
BKR 3 7 YRTR,BIEI,ISHARES 3-7 YEAR TREASURY BOND ETF,BOLSA,Homologado,000,08/02/2022,0,986.400.000,986.400.000
BKR 7 10 YRT,BIYT,ISHARES 7-10 YEAR TREASURY BOND ETF,BOLSA,Homologado,000,08/02/2022,0,1.398.000.000,1.398.000.000
BKR A RATED,BQLT,ISHARES AAA - A RATED CORPORATE BOND ETF,BOLSA,Homologado,000,25/04/2023,0,91.750.000,91.750.000
ICE BIOTECH,BIBB,ISHARES BIOTECHNOLOGY ETF,BOLSA,Homologado,000,23/04/2021,0,993.000.000,993.000.000
CHINALARGECA,BFXI,ISHARES CHINA LARGE-CAP ETF,BOLSA,Homologado,000,19/04/2021,0,463.500.000,463.500.000
BKR CNVTIBLE,BICV,ISHARES CONVERTIBLE BOND ETF,BOLSA,Homologado,000,25/04/2023,0,132.000.000,132.000.000
BKR AGR ALOC,BAOA,ISHARES CORE AGGRESSIVE ALLOCATION ETF,BOLSA,Homologado,000,25/04/2023,0,143.700.000,143.700.000
BKR CSV ALOC,BAOK,ETF DE ALOCAÇÃO CONSERVADORA ISHARES CORE,BOLSA,Homologado,000,25/04/2023,0,78.600.000,78.600.000
COREDIVGROWT,BGWH,ISHARES CORE DIVIDEND GROWTH ETF,BOLSA,Homologado,000,19/04/2021,0,1.824.500.000,1.824.500.000
BKR GRO ALOC,BAOR,ETF DE ALOCAÇÃO DE CRESCIMENTO PRINCIPAL ISHARES,BOLSA,Homologado,000,25/04/2023,0,183.500.000,183.500.000
BKR NÚCLEO HDV,BHDV,ISHARES CORE HIGH DIVIDEND ETF,BOLSA,Homologado,000,12/07/2022,0,1.298.000.000,1.298.000.000
BKR MOD ALOC,BAOM,ISHARES CORE ALOCAÇÃO MODERADA ETF,BOLSA,Homologado,000,25/04/2023,0,135.200.000,135.200.000
COREMSCIEAFE,BIEF,ISHARES CORE MSCI EAFE ETF,BOLSA,Homologado,000,22/04/2021,0,9.780.800.000,9.780.800.000
COREMSCI EMK,BIEM,ISHARES CORE MSCI ETF DE MERCADOS EMERGENTES,BOLSA,Homologado,000,22/04/2021,0,7.336.800.000,7.336.800.000
COREMSCI EUR,BIEU,ISHARES CORE MSCI EUROPA ETF,BOLSA,Homologado,000,22/04/2021,0,400.200.000,400.200.000
BKR CORPACIF,BIPC,ISHARES CORE MSCI PACIFIC ETF,BOLSA,Homologado,000,22/11/2022,0,151.500.000,151.500.000
NÚCLEO SP 500,BIVB,ISHARES CORE S&P 500 ETF,BOLSA,Homologado,000,22/04/2021,0,26.368.000.000,26.368.000.000
NÚCLEO MIDCAP,BIJH,ISHARES CORE S&P MID-CAP ETF,BOLSA,Homologado,000,22/04/2021,0,4.725.000.000,4.725.000.000
CORESMALLCAP,BIJR,ISHARES CORE S&P ETF DE PEQUENA CAPITALIZAÇÃO,BOLSA,Homologado,000,22/04/2021,0,5.023.200.000,5.023.200.000
NÚCLEO SP TOTA,BITO,ISHARES CORE S&P TOTAL ETF DO MERCADO DE AÇÕES DOS EUA,BOLSA,Homologado,000,22/04/2021,0,3.981.000.000,3.981.000.000
BKR CORE TOT,BIUS,ISHARES CORE TOTAL USD MERCADO DE TÍTULOS ETF,BOLSA,Homologado,000,12/04/2023,0,2.378.000.000,2.378.000.000
BKR AGGRE EUA,BAGG,ISHARES CORE ETF DE TÍTULOS AGREGADOS DOS EUA,BOLSA,Homologado,000,25/04/2023,0,8.911.000.000,8.911.000.000
CORE US REIT,BUSR,ISHARES CORE EUA REIT ETF,BOLSA,Homologado,000,20/04/2021,0,208.200.000,208.200.000
CURHEDGEMSCI,BHEF,ISHARES MOEDA HEDGE MSCI EAFE ETF,BOLSA,Homologado,000,20/04/2021,0,314.000.000,314.000.000
BKR CH EUROZ,BHEZ,ISHARES MOEDA HEDGE MSCI EUROZONE ETF,BOLSA,Homologado,000,22/11/2022,0,28.350.000,28.350.000
BKR CH JAPAN,BHEW,ISHARES CURRENCY HEDGED MSCI JAPAN ETF,BOLSA,Homologado,000,22/11/2022,0,32.200.000,32.200.000
BKR CYBTECH,BIHA,ISHARES CYBERSECURITY AND TECH ETF,BOLSA,Homologado,000,12/07/2022,0,44.100.000,44.100.000
BKR EMER DIV,BDVE,ISHARES EMERGING MARKETS DIVIDEND ETF,BOLSA,Homologado,000,25/04/2023,0,76.950.000,76.950.000
TRTMSCI EAFE,BEGD,ISHARES ESG AWARE MSCI EAFE ETF,BOLSA,Homologado,000,22/04/2021,0,545.600.000,545.600.000
INC ESG AWAR,BEGE,ISHARES ESG AWARE MSCI EM ETF,BOLSA,Homologado,000,22/04/2021,0,662.800.000,662.800.000
TRUSTMSCI US,BEGU,ISHARES ESG AWARE MSCI USA ETF,BOLSA,Homologado,000,22/04/2021,0,1.740.500.000,1.740.500.000
BKR ESG AGGR,BEAG,ISHARES ESG AWARE US AGGREGATE BOND ETF,BOLSA,Homologado,000,25/04/2023,0,286.500.000,286.500.000
BKR ESG AWCP,BSUC,ISHARES ESG AWARE USD CORPORATE BOND ETF,BOLSA,Homologado,000,12/04/2023,0,129.150.000,129.150.000
ESGMSCIUSA L,BSUS,ISHARES ESG MSCI USA LEADERS ETF,BOLSA,Homologado,000,20/04/2021,0,379.600.000,379.600.000
EUROPE ETF,BIEV,ISHARES EUROPE ETF,BOLSA,Homologado,000,20/04/2021,0,165.750.000,165.750.000
BKR TECHSOFT,BIET,ISHARES EXPANDED TECH-SOFTWARE SECTOR ETF,BOLSA,Homologado,000,22/11/2022,0,481.600.000,481.600.000
EXPON TECHNL,BXTC,ISHARES EXPONENTIAL TECHNOLOGIES ETF,BOLSA,Homologado,000,24/11/2020,0,324.900.000,324.900.000
BKR FLL ANGL,BFAL,ISHARES FALLEN ANGELS USD BOND ETF,BOLSA,Homologado,000,25/04/2023,0,187.650.000,187.650.000
BKR FLOAT RT,BFLO,ISHARES FLOATING RATE BOND ETF,BOLSA,Homologado,000,12/04/2023,0,761.500.000,761.500.000
BKR GENO IMM,BIDN,ISHARES GENOMICS IMMUNOLOGY AND HEALTHCARE ETF,BOLSA,Homologado,000,12/07/2022,0,12.800.000,12.800.000
BKR GL CLEAN,BICL,ISHARES GLOBAL CLEAN ENERGY ETF,BOLSA,Homologado,000,01/09/2021,0,533.800.000,533.800.000
BKR GB STAMP,BKXI,ISHARES GLOBAL CONSUMER STAPLES ETF,BOLSA,Homologado,000,12/07/2022,0,94.000.000,94.000.000
BKR GLB ENER,BIXC,ISHARES GLOBAL ENERGY ETF,BOLSA,Homologado,000,22/11/2022,0,217.800.000,217.800.000
BKR GL FIN,BIXG,ISHARES GLOBAL FINANCIALS ETF,BOLSA,Homologado,000,06/09/2021,0,302.400.000,302.400.000
GLOBALHEALTH,BIXJ,ISHARES GLOBAL HEALTHCARE ETF,BOLSA,Homologado,000,22/04/2021,0,282.000.000,282.000.000
GLOBAL INFRA,BIGF,ISHARES GLOBAL INFRASTRUCTURE ETF,BOLSA,Homologado,000,22/04/2021,0,272.000.000,272.000.000
GLOBAL REIT,BGRT,ISHARES GLOBAL REIT ETF,BOLSA,Homologado,000,20/04/2021,0,337.800.000,337.800.000
GLOBAL TECH,BIXN,ISHARES GLOBAL TECH ETF,BOLSA,Homologado,000,16/07/2021,0,2.358.000.000,2.358.000.000
GOLD TRUST,BIAU,ISHARES GOLD TRUST,BOLSA,Homologado,000,27/05/2021,0,3.379.000.000,3.379.000.000
BKR COMT ROL,BCOM,ISHARES GSCI COMMODITY DYNAMIC ROLL STRATEGY ETF,BOLSA,Homologado,000,25/04/2023,0,95.700.000,95.700.000
BKR IBOXX HY,BHYG,ISHARES IBOXX HIGH YIELD CORPORATE BOND ETF,BOLSA,Homologado,000,08/02/2022,0,1.729.600.000,1.729.600.000
BKR IBOX IGC,BLQD,ISHARES IBOXX INVESTMENT GRADE CORPORATE BOND ETF,BOLSA,Homologado,000,08/02/2022,0,2.786.000.000,2.786.000.000
BKR INTL SLD,BIDV,ISHARES INTERNATIONAL SELECT DIVIDEND ETF,BOLSA,Homologado,000,25/04/2023,0,535.500.000,535.500.000
BKR JP LOCAL,BLEM,ISHARES JP MORGAN EM LOCAL CURRENCY BOND ETF,BOLSA,Homologado,000,25/04/2023,0,55.200.000,55.200.000
LATIN AMER40,BILF,ISHARES LATIN AMERICA 40 ETF,BOLSA,Homologado,000,22/04/2021,0,192.750.000,192.750.000
BKR MBS,BMBB,ISHARES MBS ETF,BOLSA,Homologado,000,25/04/2023,0,2.790.000.000,2.790.000.000
BKR MORTGAGE,BMRE,ISHARES MORTGAGE REAL ESTATE ETF,BOLSA,Homologado,000,12/07/2022,0,53.500.000,53.500.000
MSCI ACWI,BACW,ISHARES MSCI ACWI ETF,BOLSA,Homologado,000,22/04/2021,0,1.664.000.000,1.664.000.000
BKR LOWCARBO,BCRB,ISHARES MSCI ACWI LOW CARBON TARGET ETF,BOLSA,Homologado,000,12/07/2022,0,73.800.000,73.800.000
BKR GBL AGRO,BVEG,ISHARES MSCI AGRICULTURE PRODUCERS ETF,BOLSA,Homologado,000,22/11/2022,0,29.400.000,29.400.000
MSCI ASIA JP,BAAX,ISHARES MSCI ALL COUNTRY ASIA EX JAPAN ETF,BOLSA,Homologado,000,22/04/2021,0,716.000.000,716.000.000
MSCIAUSTRALI,BEWA,ISHARES MSCI AUSTRALIA ETF,BOLSA,Homologado,000,20/04/2021,0,166.800.000,166.800.000
MSCI BRAZIL,BEWZ,ISHARES MSCI BRAZIL ETF,BOLSA,Homologado,000,22/04/2021,0,515.850.000,515.850.000
MSCI CANADA,BEWC,ISHARES MSCI CANADA ETF,BOLSA,Homologado,000,20/04/2021,0,437.200.000,437.200.000
BKR CHINA A,BCNY,ISHARES MSCI CHINA A ETF,BOLSA,Homologado,000,12/07/2022,0,47.850.000,47.850.000
MSCI CHINA,BCHI,ISHARES MSCI CHINA ETF,BOLSA,Homologado,000,22/04/2021,0,657.600.000,657.600.000
MSCI EAFE,BEFA,ISHARES MSCI EAFE ETF,BOLSA,Homologado,000,22/04/2021,0,5.755.200.000,5.755.200.000
MSCIEAFEGROW,BEFG,ISHARES MSCI EAFE GROWTH ETF,BOLSA,Homologado,000,20/04/2021,0,968.000.000,968.000.000
MSCIMINVOL F,BFAV,ISHARES MSCI EAFE MIN VOL FACTOR ETF,BOLSA,Homologado,000,20/04/2021,0,992.000.000,992.000.000
BKR MS EAFE,BSCZ,ISHARES MSCI EAFE SMALL-CAP ETF,BOLSA,Homologado,000,06/09/2021,0,1.569.600.000,1.569.600.000
MSCIEAFEVALU,BEFV,ISHARES MSCI EAFE VALUE ETF,BOLSA,Homologado,000,20/04/2021,0,1.473.600.000,1.473.600.000
MSCI EMGMARK,BEEM,ISHARES MSCI EMERGING MARKETS ETF,BOLSA,Homologado,000,22/04/2021,0,3.518.100.000,3.518.100.000
BKR EME XCHI,BEMC,ISHARES MSCI EMERGING MARKETS EX CHINA ETF,BOLSA,Homologado,000,25/04/2023,0,365.500.000,365.500.000
MSCIEMMRKMI,BEMV,ISHARES MSCI EMERGING MARKETS MIN VOL FACTOR ETF,BOLSA,Homologado,000,20/04/2021,0,381.000.000,381.000.000
BKR EURP FNC,BEUF,ISHARES MSCI EUROPE FINANCIALS ETF,BOLSA,Homologado,000,12/07/2022,0,126.100.000,126.100.000
MSCIEUROZONE,BEZU,ISHARES MSCI EUROZONE ETF,BOLSA,Homologado,000,22/04/2021,0,444.400.000,444.400.000
MSCI FRANCE,BEWQ,ISHARES MSCI FRANCE ETF,BOLSA,Homologado,000,20/04/2021,0,80.800.000,80.800.000
MSCI GERMANY,BEWG,ISHARES MSCI GERMANY ETF,BOLSA,Homologado,000,22/04/2021,0,251.100.000,251.100.000
BKR GBMM PRD,BPIC,ISHARES MSCI GLOBAL METALS & MINING PRODUCERS ETF,BOLSA,Homologado,000,12/07/2022,0,134.600.000,134.600.000
MSCIGLMIVOLF,BCWV,ISHARES MSCI GLOBAL MIN VOL FACTOR ETF,BOLSA,Homologado,000,19/04/2021,0,523.000.000,523.000.000
BKR GB SDVGO,BSDG,ISHARES MSCI GLOBAL SUSTAINABLE DEVELOP GOALS ETF,BOLSA,Homologado,000,12/07/2022,0,41.200.000,41.200.000
MSCIHONGKONG,BEWH,ISHARES MSCI HONG KONG ETF,BOLSA,Homologado,000,22/04/2021,0,137.925.000,137.925.000
MSCI INDIA,BNDA,ISHARES MSCI INDIA ETF,BOLSA,Homologado,000,22/04/2021,0,521.200.000,521.200.000
MSCI JAPAN,BEWJ,ISHARES MSCI JAPAN ETF,BOLSA,Homologado,000,22/04/2021,0,1.482.000.000,1.482.000.000
MSCI MEXICO,BEWW,ISHARES MSCI MEXICO ETF,BOLSA,Homologado,000,23/04/2021,0,103.200.000,103.200.000
BKR MSCI JPN,BEPP,ISHARES MSCI PACIFIC EX JAPAN ETF,BOLSA,Homologado,000,22/11/2022,0,200.400.000,200.400.000
BKR MS RUSS,BERU,ISHARES MSCI RUSSIA ETF,BOLSA,Homologado,000,06/09/2021,0,51.800.000,51.800.000
BKR SAUDARAB,BKSA,ISHARES MSCI SAUDI ARABIA ETF,BOLSA,Homologado,000,12/07/2022,0,113.200.000,113.200.000
MSCISOUTHKOR,BEWY,ISHARES MSCI SOUTH KOREA ETF,BOLSA,Homologado,000,23/04/2021,0,662.000.000,662.000.000
MSCI SPAIN,BEWP,ISHARES MSCI SPAIN ETF,BOLSA,Homologado,000,23/04/2021,0,56.250.000,56.250.000
MSCI SWITZER,BEWL,ISHARES MSCI SWITZERLAND ETF,BOLSA,Homologado,000,20/04/2021,0,171.875.000,171.875.000
MSCI TAIWAN,BEWT,ISHARES MSCI TAIWAN ETF,BOLSA,Homologado,000,23/04/2021,0,674.400.000,674.400.000
MSCI UK,BEWU,ISHARES MSCI UNITED KINGDOM ETF,BOLSA,Homologado,000,23/04/2021,0,344.700.000,344.700.000
BKR MS USA S,BUSA,ISHARES MSCI USA ESG SELECT ETF,BOLSA,Homologado,000,06/09/2021,0,375.000.000,375.000.000
MSCI US MVOL,BUSM,ISHARES MSCI USA MIN VOL FACTOR ETF,BOLSA,Homologado,000,23/04/2021,0,3.235.200.000,3.235.200.000
MSCIUSAMOM F,BMTU,ISHARES MSCI USA MOMENTUM FACTOR ETF,BOLSA,Homologado,000,20/04/2021,0,1.728.000.000,1.728.000.000
MSCIUSQUAL F,BQUA,ISHARES MSCI USA QUALITY FACTOR ETF,BOLSA,Homologado,000,20/04/2021,0,2.439.750.000,2.439.750.000
MSCIUSASIZF,BSIZ,ISHARES MSCI USA SIZE FACTOR ETF,BOLSA,Homologado,000,20/04/2021,0,120.750.000,120.750.000
MSCIUSVALUEF,BVLU,ISHARES MSCI USA VALUE FACTOR ETF,BOLSA,Homologado,000,20/04/2021,0,1.374.500.000,1.374.500.000
BKR MS WLD,BURT,ISHARES MSCI WORLD ETF,BOLSA,Homologado,000,06/09/2021,0,178.500.000,178.500.000
BKR NAM NATU,BIGE,ISHARES NORTH AMERICAN NATURAL RESOURCES ETF,BOLSA,Homologado,000,22/11/2022,0,88.600.000,88.600.000
PREFERINCOME,BPRS,ISHARES PREFERRED & INCOME SECURITIES ETF,BOLSA,Homologado,000,24/11/2020,0,1.882.800.000,1.882.800.000
BKR RESMULTS,BREZ,ISHARES RESIDENTIAL MULTISECTOR REAL ESTATE ETF,BOLSA,Homologado,000,12/07/2022,0,89.600.000,89.600.000
BKR ROBT AIM,BIRB,ISHARES ROBOTICS ARTIFICIAL INTELLIG MULTISECT ETF,BOLSA,Homologado,000,12/07/2022,0,18.000.000,18.000.000
RUSSEL1000GR,BIWF,ISHARES RUSSELL 1000 GROWTH ETF,BOLSA,Homologado,000,20/04/2021,0,6.467.500.000,6.467.500.000
RUSSELL 2000,BIWM,ISHARES RUSSELL 2000 ETF,BOLSA,Homologado,000,23/04/2021,0,6.087.000.000,6.087.000.000
BKR SP100,BOEF,ISHARES S&P 100 ETF,BOLSA,Homologado,000,06/09/2021,0,800.000.000,800.000.000
SP500GROWTH,BIVW,ISHARES S&P 500 GROWTH ETF,BOLSA,Homologado,000,20/04/2021,0,3.826.800.000,3.826.800.000
SP500 VALUE,BIVE,ISHARES S&P 500 VALUE ETF,BOLSA,Homologado,000,20/04/2021,0,2.286.000.000,2.286.000.000
BKR SPSM600V,BIJS,ISHARES S&P SMALL-CAP 600 VALUE ETF,BOLSA,Homologado,000,12/07/2022,0,724.400.000,724.400.000
SELECT DIVID,BDVY,ISHARES SELECT DIVIDEND ETF,BOLSA,Homologado,000,23/04/2021,0,1.558.000.000,1.558.000.000
BKR SELFDRIV,BIDR,ISHARES SELF-DRIVING EV AND TECH ETF,BOLSA,Homologado,000,12/07/2022,0,35.400.000,35.400.000
BKR SEMICOND,BSOX,ISHARES SEMICONDUCTOR ETF,BOLSA,Homologado,000,06/09/2021,0,634.000.000,634.000.000
BKR SHORT TR,BSHV,ISHARES SHORT TREASURY BOND ETF,BOLSA,Homologado,000,08/02/2022,0,1.283.100.000,1.283.100.000
SILVER TRUST,BSLV,ISHARES SILVER TRUST,BOLSA,Homologado,000,23/04/2021,0,1.848.900.000,1.848.900.000
BKR TIP,BTIP,ISHARES TIPS BOND ETF,BOLSA,Homologado,000,25/04/2023,0,2.055.000.000,2.055.000.000
BKR FLOT RTE,BTFL,ISHARES TREASURY FLOATING RATE BOND ETF,BOLSA,Homologado,000,25/04/2023,0,594.500.000,594.500.000
BKR BASICMAT,BIYM,ISHARES U.S. BASIC MATERIALS ETF,BOLSA,Homologado,000,22/11/2022,0,69.600.000,69.600.000
BKR US ENER,BIYE,ISHARES U.S. ENERGY ETF,BOLSA,Homologado,000,06/09/2021,0,240.900.000,240.900.000
USFINANCSERV,BIYG,ISHARES U.S. FINANCIAL SERVICES ETF,BOLSA,Homologado,000,20/04/2021,0,178.000.000,178.000.000
BKR HEALTHPR,BIHF,ISHARES U.S. HEALTHCARE PROVIDERS ETF,BOLSA,Homologado,000,22/11/2022,0,168.000.000,168.000.000
BKR HM CNSTR,BITB,ISHARES U.S. HOME CONSTRUCTION ETF,BOLSA,Homologado,000,22/11/2022,0,125.100.000,125.100.000
BKR US INDLS,BIYJ,ISHARES U.S. INDUSTRIALS ETF,BOLSA,Homologado,000,22/11/2022,0,110.500.000,110.500.000
USMEDICDEVIC,BIHI,ISHARES U.S. MEDICAL DEVICES ETF,BOLSA,Homologado,000,16/07/2021,0,4.494.000.000,4.494.000.000
US AEROSPACE,BAER,ISHARES US AEROSPACE & DEFENSE ETF,BOLSA,Homologado,000,23/04/2021,0,569.000.000,569.000.000
BKR CODISCRT,BIYC,ISHARES US CONSUMER DISCRETIONARY ETF,BOLSA,Homologado,000,12/07/2022,0,60.500.000,60.500.000
BKR COSTAPLE,BIYK,ISHARES US CONSUMER STAPLES ETF,BOLSA,Homologado,000,12/07/2022,0,122.400.000,122.400.000
FINANCEIRO DOS EUA,BIYF,ISHARES US FINANCIALS ETF,BOLSA,Homologado,000,23/04/2021,0,438.000.000,438.000.000
BKR INFRA EUA,BIFR,ETF DE INFRAESTRUTURA ISHARES US,BOLSA,Homologado,000,12/07/2022,0,151.200.000,151.200.000
BKR ÓLEO GÁS,BIEO,ISHARES US OIL & EXPLORAÇÃO DE GÁS & ETF DE PRODUÇÃO,BOLSA,Homologado,000,22/11/2022,0,120.500.000,120.500.000
BKR PHARMACL,BIHE,ISHARES EUA PHARMACEUTICALS ETF,BOLSA,Homologado,000,22/11/2022,0,40.500.000,40.500.000
TECNOLOGIA DOS EUA,BIYW,ETF DE TECNOLOGIA ISHARES US,BOLSA,Homologado,000,23/04/2021,0,2.749.250.000,2.749.250.000
BKR TRANSPTN,BIYP,ISHARES ETF DE TRANSPORTE DOS EUA,BOLSA,Homologado,000,22/11/2022,0,67.000.000,67.000.000
BKR EUA TREAS,BGOV,ISHARES ETF DE TÍTULOS DO TESOURO DOS EUA,BOLSA,Homologado,000,08/02/2022,0,1.949.700.000,1.949.700.000
BKR US UTILT,BUTL,ISHARES US UTILITIES ETF,BOLSA,Homologado,000,12/07/2022,0,94.000.000,94.000.000
BKR EUA VERDE,BBGR,ISHARES USD ETF DE TÍTULOS VERDES,BOLSA,Homologado,000,25/04/2023,0,32.750.000,32.750.000
AGORA IMA-B,IMAB,AGORA ID ETF IMA-B,BOLSA,Homologado,100,03/04/2019,0,37.600.000,37.600.000
AGORA B5P2,B5P2,AGORA IMA-B5 P2 FUNDO DE ÍNDICE,BOLSA,Homologado,100,05/11/2020,0,2.400.000,2.400.000
AGORA IB5M,IB5M,AGORA IMA-B5+ FUNDO DE ÍNDICE,BOLSA,Homologado,100,16/08/2019,0,11.764.706,11.764.706
AGORA IRF-M,IRFM,AGORA IRF-M P2 FUNDO DE ÍNDICE,BOLSA,Homologado,100,16/08/2019,0,3.200.000,3.200.000
ITAPEBI,ITPB,ITAPEBI GERAÇÃO DE ENERGIA S.A.,BOLSA,Homologado,"202.524.938,05",28/02/2023,85.060.474,0,85.060.474
FIAGRO RURA,RURA,ITAÚ ASSET RURAL FIAGRO IMOBILIÁRIO,BOLSA,Homologado,200,12/06/2023,0,160.099.509,160.099.509
FI ITAUINFRA,IFRA,ITAÚ FDO INV COTAS FDO INCENT DE INV INFR. RF CP,BOLSA,Homologado,200,14/03/2023,0,9.664.620,9.664.620
ITAUUNIBANCO,ITUB,ITAÚ UNIBANCO HOLDING S.A.,BOVESPA NÍVEL 1,Homologado,"90.729.000.000,00",31/01/2021,4.958.290.359,4.845.844.989,9.804.135.348
ITAÚSA,ITSA,ITAUSA S.A.,BOVESPA NÍVEL 1,Homologado,"63.500.000.000,00",07/11/2022,3.333.921.095,6.367.488.620,9.701.409.715
ITAÚSA,ITSA,ITAUSA S.A.,BOVESPA NÍVEL 1,Subscrito,"877.000.000,00",14/08/2023,46.366.756,88.556.321,134.923.077
J.MACEDO,JMCD,J. MACEDO SA,BOLSA,Homologado,"132.041.756,71",30/12/2019,10.674.856,8.692.854,19.367.710
JALLESMACHAD,JALL,JALLES MACHADO S.A.,NOVO MERCADO,Homologado,"1.079.191.949,03",15/08/2023,303.541.864,0,303.541.864
JBS,JBSS,JBS S.A.,NOVO MERCADO,Homologado,"23.631.071.304,24",11/05/2022,2.218.116.370,0,2.218.116.370
JHSF PART,JHSF,JHSF PARTICIPACOES S.A.,NOVO MERCADO,Homologado,"1.865.949.654,57",16/05/2022,679.328.541,0,679.328.541
JOAO FORTES,JFEN,JOAO FORTES ENGENHARIA S.A.,BOLSA,Homologado,"2.103.387.497,15",19/01/2023,21.040.763,0,21.040.763
JOSAPAR,JOPA,JOSAPAR-JOAQUIM OLIVEIRA S.A. - PARTICIP,BOLSA,Homologado,"120.000.000,00",17/12/2009,10.450.993,131.368,10.582.361
JP BTB CANAD,BBCN,JPMORGAN BETABUILDERS CANADA ETF,BOLSA,Homologado,000,14/09/2022,0,600.293.400,600.293.400
JP BTB ASIA,BBAJ,JPMORGAN BETABUILDERS DEV ASIA PACIFIC-EX JPN ETF,BOLSA,Homologado,000,14/09/2022,0,398.493.200,398.493.200
JP BTB EUROP,BBER,JPMORGAN BETABUILDERS EUROPE ETF,BOLSA,Homologado,000,14/09/2022,0,299.498.000,299.498.000
JP BTB INTL,BBIL,JPMORGAN BETABUILDERS INTERNATIONAL EQUITY ETF,BOLSA,Homologado,000,14/09/2022,0,291.000.000,291.000.000
JP BTB JAPAO,BBJP,JPMORGAN BETABUILDERS JAPAN ETF,BOLSA,Homologado,000,14/09/2022,0,735.987.500,735.987.500
JP BTB REIT,BBMR,JPMORGAN BETABUILDERS MSCI US REIT ETF,BOLSA,Homologado,000,14/09/2022,0,113.500.000,113.500.000
JP BTB USEQ,BBUS,JPMORGAN BETABUILDERS US EQUITY ETF,BOLSA,Homologado,000,14/09/2022,0,136.800.000,136.800.000
JP BTB RETUR,BMCE,JPMORGAN BETABUILDERS US MID CAP EQUITY ETF,BOLSA,Homologado,000,14/09/2022,0,151.400.000,151.400.000
JP DV US EME,BPEM,JPMORGAN DIVERSIFIED RETURN EMERG MARKT EQUITY ETF,BOLSA,Homologado,000,14/09/2022,0,16.000.000,16.000.000
JP RETU INTL,BJPI,JPMORGAN DIVERSIFIED RETURN INTERNATION EQUITY ETF,BOLSA,Homologado,000,14/09/2022,0,74.500.000,74.500.000
JP DIVRET US,BPUS,JPMORGAN DIVERSIFIED RETURN US EQUITY ETF,BOLSA,Homologado,000,14/09/2022,0,54.000.000,54.000.000
JP DV USMID,BPME,JPMORGAN DIVERSIFIED RETURN US MID CAP EQUITY ETF,BOLSA,Homologado,000,14/09/2022,0,26.400.000,26.400.000
JP DV US SM,BDRE,JPMORGAN DIVERSIFIED RETURN US SMALLCAP EQUITY ETF,BOLSA,Homologado,000,14/09/2022,0,25.600.000,25.600.000
JP US MO FAC,BMOM,JPMORGAN US MOMENTUM FACTOR ETF,BOLSA,Homologado,000,14/09/2022,0,23.000.000,23.000.000
JP QLT FACT,BJQU,JPMORGAN US QUALITY FACTOR ETF,BOLSA,Homologado,000,14/09/2022,0,63.200.000,63.200.000
JP US VL FAC,BVLF,JPMORGAN US VALUE FACTOR ETF,BOLSA,Homologado,000,14/09/2022,0,61.200.000,61.200.000
JSL,JSLG,JSL S.A.,NOVO MERCADO,Homologado,"842.781.426,13",27/09/2021,286.431.078,0,286.431.078
KALLAS,KLAS,KALLAS INCORPORACOES E CONSTRUCOES S.A.,BOLSA,Homologado,"725.111.499,64",25/09/2023,120.229,0,120.229
KARSTEN,CTKA,KARSTEN S.A.,BOLSA,Homologado,"100.023.987,40",28/04/2016,2.878.404,3.326.971,6.205.375
KEPLER WEBER,KEPL,KEPLER WEBER S.A.,NOVO MERCADO,Homologado,"244.694.181,68",03/04/2023,179.720.130,0,179.720.130
FIAGRO KINEA,KNCA,KINEA CRÉDITO AGRO FIAGRO-IMOBILIÁRIO,BOLSA,Homologado,200,09/06/2023,0,21.599.919,21.599.919
KINEA INFRAF,KDIF,KINEA INFRA - FDO INV COTAS FDO INC. INV INF RF CP,BOLSA,Homologado,100,15/05/2023,0,20.306.019,20.306.019
FIAGRO KOPA,KOPA,KINEA OPORTUNIDADES AGRO I FIAGRO-IMOB,BOLSA,Homologado,100,04/08/2023,0,500.000,500.000
KLABIN S/A,KLBN,KLABIN S.A.,BOVESPA NIVEL 2,Homologado,"4.475.624.836,00",26/11/2020,2.081.728.595,3.536.164.161,5.617.892.756
FIP IE KNOX,KNOX,KNOX DEBT FDO. INVEST. PART. INFRAESTRUTURA,FIP IE,Homologado,100,11/12/2020,0,10.000.000,10.000.000
KORA SAUDE,KRSA,KORA SAÚDE PARTICIPAÇÕES S.A,NOVO MERCADO,Homologado,"341.499.467,67",17/02/2023,773.348.067,0,773.348.067
LAVVI,LAVV,LAVVI EMPREENDIMENTOS IMOBILIÁRIOS S.A.,NOVO MERCADO,Homologado,"1.133.580.652,00",08/06/2022,199.534.352,0,199.534.352
FIAGRO LESTE,LSAG,LESTE FDO INV CAD PROD AGROIND FIAGRO IMOB,BOLSA,Homologado,100,03/08/2023,0,1.077.570,1.077.570
LIFEMED,LMED,LIFEMED INDUSTRIAL EQUIP. DE ART. MÉD. HOSP. S.A.,MAIS,Homologado,"73.435.885,26",15/03/2018,2.576.438,0,2.576.438
LIGHT S/A,LIGT,LIGHT S.A.,NOVO MERCADO,Homologado,"5.473.247.477,89",14/10/2022,372.555.324,0,372.555.324
LIGHT,LIGH,LIGHT SERVICOS DE ELETRICIDADE S.A.,BOLSA,Homologado,"5.544.283.669,87",30/09/2022,494.310.225.787,0,494.310.225.787
LITEL,LTEL,LITEL PARTICIPACOES S.A.,SOMA,Homologado,"21.844.245,97",14/09/2019,215.495.403,0,215.495.403
LITELA,LTLA,LITELA PARTICIPAÇÕES S.A.,SOMA,Homologado,"8.483.797.413,47",14/11/2019,196.713.125,0,196.713.125
WDC NETWORKS,LVTC,LIVETECH DA BAHIA INDUSTRIA E COMERCIO S/A,NOVO MERCADO,Homologado,"317.890.422,77",10/02/2022,64.663.063,0,64.663.063
LOCALIZA,RENT,LOCALIZA RENT A CAR S.A.,NOVO MERCADO,Homologado,"17.012.360.759,33",26/06/2023,1.060.360.588,0,1.060.360.588
LOCALIZA,RENT,LOCALIZA RENT A CAR S.A.,NOVO MERCADO,Subscrito,"364.537.872,03",22/09/2023,7.734.731,0,7.734.731
UNIDAS,UNID,LOCAMERICA RENT A CAR S.A.,BOLSA,Homologado,"1.638.355.774,79",30/12/2022,77.550.555,0,77.550.555
LOCAWEB,LWSA,LOCAWEB SERVIÇOS DE INTERNET S.A.,NOVO MERCADO,Homologado,"3.013.866.202,18",30/06/2023,595.764.158,0,595.764.158
LOG COM PROP,LOGG,LOG COMMERCIAL PROPERTIES,NOVO MERCADO,Homologado,"2.753.976.285,73",19/04/2022,102.159.154,0,102.159.154
LOG-IN,LOGN,LOG-IN LOGISTICA INTERMODAL S.A.,NOVO MERCADO,Homologado,"1.346.587.321,06",10/05/2023,107.058.818,0,107.058.818
QUERO-QUERO,LJQQ,LOJAS QUERO-QUERO S/A,NOVO MERCADO,Homologado,"450.563.117,78",24/09/2020,187.290.269,0,187.290.269
LOJAS RENNER,LREN,LOJAS RENNER S.A.,NOVO MERCADO,Homologado,"9.022.276.536,63",16/03/2023,963.226.993,0,963.226.993
LOPES BRASIL,LPSB,LPS BRASIL - CONSULTORIA DE IMOVEIS S.A.,NOVO MERCADO,Homologado,"169.187.891,38",21/05/2021,147.554.631,0,147.554.631
LUPATECH,LUPA,LUPATECH S.A.,NOVO MERCADO,Homologado,"1.918.116.891,95",04/10/2023,39.282.625,0,39.282.625
M.DIASBRANCO,MDIA,M.DIAS BRANCO S.A. IND COM DE ALIMENTOS,NOVO MERCADO,Homologado,"2.597.656.478,44",26/03/2021,339.000.000,0,339.000.000
MAESTROLOC,MSRO,MAESTRO LOCADORA DE VEICULOS S.A.,MAIS,Homologado,"55.500.633,05",10/04/2023,26.009.820,0,26.009.820
MAGAZ LUIZA,MGLU,MAGAZINE LUIZA S.A.,NOVO MERCADO,Homologado,"12.552.162.483,75",26/08/2021,6.748.926.848,0,6.748.926.848
METAL LEVE,LEVE,MAHLE-METAL LEVE S.A.,NOVO MERCADO,Homologado,"966.254.684,00",10/04/2012,128.308.500,0,128.308.500
MANGELS INDL,MGEL,MANGELS INDUSTRIAL S.A.,BOLSA,Homologado,"171.272.996,67",29/04/2016,2.067.243,3.715.969,5.783.212
ESTRELA,ESTR,MANUFATURA DE BRINQUEDOS ESTRELA S.A.,BOLSA,Homologado,"30.602.186,56",27/04/2023,2.694.500,5.389.000,8.083.500
MARCOPOLO,POMO,MARCOPOLO S.A.,BOVESPA NIVEL 2,Homologado,"1.334.052.461,60",25/02/2019,341.625.744,605.267.138,946.892.882
MARFRIG,MRFG,MARFRIG GLOBAL FOODS S.A.,NOVO MERCADO,Homologado,"10.491.577.961,00",14/08/2023,960.000.000,0,960.000.000
LOJAS MARISA,AMAR,MARISA LOJAS S.A.,NOVO MERCADO,Homologado,"1.721.986.041,46",18/11/2022,342.842.912,0,342.842.912
MELIUZ,CASH,MÉLIUZ S.A.,NOVO MERCADO,Homologado,"920.480.260,01",19/09/2023,86.560.518,0,86.560.518
MELNICK,MELK,MELNICK DESENVOLVIMENTO IMOBILIÁRIO S.A.,NOVO MERCADO,Homologado,"1.109.029.255,41",28/03/2023,206.269.341,0,206.269.341
METALFRIO,FRIO,METALFRIO SOLUTIONS S.A.,NOVO MERCADO,Homologado,"244.038.820,53",17/04/2017,4.106.754,0,4.106.754
GERDAU MET,GOAU,METALURGICA GERDAU S.A.,BOVESPA NIVEL 1,Homologado,"8.248.211.765,01",08/11/2022,365.111.201,668.729.603,1.033.840.804
RIOSULENSE,RSUL,METALURGICA RIOSULENSE S.A.,BOLSA,Homologado,"36.662.742,54",11/04/2023,3.576.903,2.495.225,6.072.128
METISA,MTSA,METISA METALURGICA TIMBOENSE S.A.,BOLSA,Homologado,"300.000.000,00",27/04/2022,4.212.530,4.577.200,8.789.730
MILLS,MILS,"MILLS LOCAÇÃO, SERVIÇOS E LOGÍSTICA S.A",NOVO MERCADO,Homologado,"1.091.560.302,39",22/08/2022,246.308.856,0,246.308.856
MINASMAQUINA,MMAQ,MINASMAQUINAS S.A.,BOLSA,Homologado,"186.866.256,94",22/04/2022,22.425,22.425,44.850
MINERVA,BEEF,MINERVA S.A.,NOVO MERCADO,Homologado,"1.678.785.544,94",12/01/2022,607.283.407,0,607.283.407
MINUPAR,MNPR,MINUPAR PARTICIPACOES S.A.,BOLSA,Homologado,"120.107.800,00",03/06/2016,7.100.100,0,7.100.100
MITRE REALTY,MTRE,MITRE REALTY EMPREENDIMENTOS E PARTICIPAÇÕES S.A.,NOVO MERCADO,Homologado,"1.014.824.026,00",03/02/2020,105.774.820,0,105.774.820
MOBLY,MBLY,MOBLY S.A.,NOVO MERCADO,Homologado,"1.124.973.604,00",03/02/2021,106.489.904,0,106.489.904
MONT ARANHA,MOAR,MONTEIRO ARANHA S.A.,BOLSA,Homologado,"716.837.898,75",01/04/2013,12.251.221,0,12.251.221
MOURA DUBEUX,MDNE,MOURA DUBEUX ENGENHARIA S/A,NOVO MERCADO,Homologado,"1.391.513.340,28",11/02/2019,84.909.375,0,84.909.375
MOVIDA,MOVI,MOVIDA PARTICIPACOES SA,NOVO MERCADO,Homologado,"2.630.122.185,60",31/12/2021,362.302.086,0,362.302.086
ESPACOLASER,ESPA,MPM CORPÓREOS S.A.,NOVO MERCADO,Homologado,"1.483.830.682,19",30/08/2022,361.423.066,0,361.423.066
MRS LOGIST,MRSA,MRS LOGISTICA S.A.,SOMA,Homologado,"3.961.030.948,65",26/04/2022,188.332.687,151.667.313,340.000.000
MRV,MRVE,MRV ENGENHARIA E PARTICIPACOES S.A.,NOVO MERCADO,Homologado,"5.975.961.822,75",13/07/2023,561.970.557,0,561.970.557
MULTILASER,MLAS,MULTILASER INDUSTRIAL S.A.,NOVO MERCADO,Homologado,"1.713.377.678,90",20/07/2021,820.539.225,0,820.539.225
MULTIPLAN,MULT,MULTIPLAN - EMPREEND IMOBILIARIOS S.A.,BOVESPA NIVEL 2,Homologado,"2.988.062.190,88",22/09/2023,600.760.875,0,600.760.875
MUNDIAL,MNDL,MUNDIAL S.A. - PRODUTOS DE CONSUMO,BOLSA,Homologado,"43.794.105,18",22/03/2013,2.480.260,0,2.480.260
CEPAC - MCRJ,MCRJ,MUNICÍPIO DO RIO DE JANEIRO,SOMA,Homologado,100,04/01/2011,0,26.086,26.086
GRUPO NATURA,NTCO,NATURA &CO HOLDING S.A.,NOVO MERCADO,Homologado,"12.697.285.074,75",10/10/2023,1.386.848.066,0,1.386.848.066
NATURA,NATU,NATURA COSMETICOS S.A.,BOLSA,Homologado,"2.000.000.000,00",26/06/2020,920.205.397,0,920.205.397
FIAGRO NCH,NCRA,NCH RECEBÍVEIS DO AGRONEGÓCIO FIAGRO IMOBILIÁRIO,BOLSA,Homologado,100,18/09/2023,0,4.079.106,4.079.106
FIAGRO NCH,NCRA,NCH RECEBÍVEIS DO AGRONEGÓCIO FIAGRO IMOBILIÁRIO,BOLSA,Subscrito,100,16/08/2023,0,2.822.202,2.822.202
NEOENERGIA,NEOE,NEOENERGIA S.A.,NOVO MERCADO,Homologado,"16.919.982.151,70",27/04/2023,1.213.797.248,0,1.213.797.248
NEOGRID,NGRD,NEOGRID PARTICIPACOES S.A.,NOVO MERCADO,Homologado,"469.907.564,00",15/12/2020,238.662.330,0,238.662.330
FIAGRO NEXG,NEXG,NEX CRÉDITO AGRO FDO INV CAD PROD AGRO FIAG IMOB,BOLSA,Homologado,100,21/09/2023,0,1.000.000,1.000.000
NEXPE,NEXP,NEXPE PARTICIPAÇÕES S.A,NOVO MERCADO,Homologado,"828.684.951,80",27/12/2022,2.655.569,0,2.655.569
NORDON MET,NORD,NORDON INDUSTRIAS METALURGICAS S.A.,BOLSA,Homologado,"107.838.227,50",29/04/2016,6.621.486,0,6.621.486
NORTCQUIMICA,NRTQ,NORTEC QUÍMICA S.A.,BOLSA,Homologado,"89.229.757,74",20/05/2021,11.758.622,118.773,11.877.395
NU INFRA FIC,NUIF,NU INFRA FIC INCENTIVADO EM INFRAESTRUTURA RF CP,BOLSA,Homologado,100,02/10/2023,0,532.125,532.125
NUTRIPLANT,NUTR,NUTRIPLANT INDUSTRIA E COMERCIO S.A.,MAIS,Homologado,"12.972.777,13",28/04/2023,13.244.400,0,13.244.400
OCEANPACT,OPCT,OCEANPACT SERVICOS MARITIMOS S.A.,NOVO MERCADO,Homologado,"842.999.412,29",10/02/2021,199.959.554,0,199.959.554
OCTANTE SEC,OCTS,OCTANTE SECURITIZADORA S.A.,BOLSA,Homologado,"134.889,00",20/03/2012,134.889,0,134.889
ODONTOPREV,ODPV,ODONTOPREV S.A.,NOVO MERCADO,Homologado,"851.016.554,14",05/04/2023,552.495.663,0,552.495.663
OI,OIBR,OI S.A.,BOVESPA NIVEL 1,Homologado,"32.538.937.370,00",01/12/2022,644.531.021,15.772.724,660.303.745
OMEGAENERGIA,MEGA,OMEGA ENERGIA S.A.,NOVO MERCADO,Homologado,"4.439.359.778,62",03/10/2022,622.730.556,0,622.730.556
ONCOCLINICAS,ONCO,ONCOCLINICAS DO BRASIL SERVICOS MEDICOS S.A.,NOVO MERCADO,Homologado,"2.454.716.980,52",20/06/2023,527.481.598,0,527.481.598
OPEA,RBRA,OPEA SECURITIZADORA S.A.,SOMA,Homologado,"17.311.097,28",13/10/2021,7.927.248,0,7.927.248
FIP OPP HOLD,OPHF,OPPORTUNITY HOLDING FDO INV PART MULT INV NO EXT,SOMA,Homologado,100,12/05/2016,0,152.891.260,152.891.260
ORAMA INFRA,OGIN,ÓRAMA FIC DE FUND INCENT DE INV INFRAESTRUTURA RF,BOLSA,Homologado,100,10/10/2022,0,4.667.034,4.667.034
ORIZON,ORVR,ORIZON VALORIZAÇÃO DE RESIDUOS S.A.,NOVO MERCADO,Homologado,"1.091.126.956,34",27/04/2023,82.950.889,0,82.950.889
OSX BRASIL,OSXB,OSX BRASIL S.A.,NOVO MERCADO,Homologado,"35.263.600,00",27/11/2018,3.148.038,0,3.148.038
FIAGRO INNOV,OIAG,OURINVEST INOVAÇÃO FIAGRO IMOBILIÁRIO,BOLSA,Homologado,200,20/01/2023,0,9.032.999,9.032.999
OURINVESTSEC,OSEC,OURINVEST SECURITIZADORA SA,BOLSA,Homologado,"826.755,00",29/12/2016,826.755,0,826.755
OUROFINO S/A,OFSA,OURO FINO SAÚDE ANIMAL PARTICIPAÇÕES S.A.,NOVO MERCADO,Homologado,"599.823.731,62",14/04/2023,53.949.006,0,53.949.006
OXÔNIA,O7XZ,OXÔNIA SP PARTICIPAÇÕES S.A,OUTROS,Homologado,100,28/04/2023,1,1,2
PADTEC,PDTC,PADTEC HOLDING S.A.,NOVO MERCADO,Homologado,"199.218.937,08",08/09/2023,79.214.664,0,79.214.664
PANATLANTICA,PATI,PANATLANTICA Sa,BOLSA,Homologado,"450.000.000,00",03/08/2021,22.907.083,1.025.286,23.932.369
PARANÁ,CH,PARANÁ BCO S.A.,BOLSA,Homologado,"767.253.749,27",31/05/2021,1.646.441.694,1.608.551.157,3.254.992.851
PARANAPANEMA,PMAM,PARANAPANEMA S.A.,NOVO MERCADO,Homologado,"2.069.566.247,56",04/09/2019,43.403.849,0,43.403.849
FIP PATR INF,PICE,PATRIA INFRAESTRUTURA ENERGIA CORE FIP INFRA,FIP IE,Homologado,100,16/04/2021,0,6.381.509,6.381.509
PORTOBELLO,PTBL,PBG S/A,NOVO MERCADO,Homologado,"250.000.000,00",16/03/2022,140.986.886,0,140.986.886
PDG SECURIT,PDGS,PDG COMPANHIA SECURITIZADORA,BOLSA,Homologado,"37.380.222,57",24/06/2019,36.292.213,0,36.292.213
PDG REALT,PDGR,PDG REALTY S.A. EMPREEND E PARTICIPAÇÕES,NOVO MERCADO,Homologado,"5.755.849.361,25",01/02/2023,3.221.864,0,3.221.864
PDG REALT,PDGR,PDG REALTY S.A. EMPREEND E PARTICIPAÇÕES,NOVO MERCADO,Subscrito,"439.185.535,23",03/10/2023,74.564.607,0,74.564.607
FIP PERFIN,FINA,PERFIN APOLLO ENERGIA FIP EM INFRAESTRUTURA,FIP IE,Homologado,200,05/11/2020,0,16.938.939,16.938.939
PETZ,PETZ,PET CENTER COMÉRCIO E PARTICIPAÇÕES S.A.,NOVO MERCADO,Homologado,"1.725.426.906,76",31/08/2023,462.523.502,0,462.523.502
PETROBRAS,PETR,PETROLEO BRASILEIRO S.A. PETROBRAS,BOVESPA NIVEL 2,Homologado,"205.431.960.490,52",02/04/2014,7.442.454.142,5.602.042.788,13.044.496.930
PETRORECSA,RECV,PETRORECÔNCAVO S.A.,NOVO MERCADO,Homologado,"2.905.446.304,42",28/09/2023,293.281.126,0,293.281.126
PETTENATI,PTNT,PETTENATI S.A. INDUSTRIA TEXTIL,BOLSA,Homologado,"66.000.000,00",30/10/2018,16.016.924,32.029.564,48.046.488
PCOM 0T5 HY,BHYS,PIMCO 0-5 YEAR HIGH YIELD CORP BOND INDEX EXCH-TF,BOLSA,Homologado,000,15/06/2022,0,157.500.000,157.500.000
PMCO 15 YRTP,BLTP,PIMCO 15 YEAR U.S. TIPS INDEX EXCHANGE-TF,BOLSA,Homologado,000,15/06/2022,0,74.960.000,74.960.000
PMCO 1T5 YRT,BSTP,PIMCO 1TO5 YEAR U.S. TIPS INDEX EXCHANGE-TF,BOLSA,Homologado,000,15/06/2022,0,149.850.000,149.850.000
PCOM 25 YRZC,BZRO,PIMCO 25 YEAR ZERO COUPON US TREASUR INDEX EXCH-TF,BOLSA,Homologado,000,15/06/2022,0,47.640.000,47.640.000
PMCO BROAD,BIPZ,PIMCO BROAD U.S. TIPS INDEX EXCHANGE-TF,BOLSA,Homologado,000,15/06/2022,0,19.980.000,19.980.000
PMCO IGR CPI,BCRP,PIMCO INVESTMENT GRADE CORP BOND INDEX EXCH-TF,BOLSA,Homologado,000,15/06/2022,0,60.300.000,60.300.000
PIMCO MF EME,BMFE,PIMCO RAFI DYNAMIC MULTI-FACTOR EME ETF,BOLSA,Homologado,000,10/10/2022,0,9.040.000,9.040.000
PLANOEPLANO,PLPL,PLANO & PLANO DESENVOLVIMENTO IMOBILIÁRIO S.A.,NOVO MERCADO,Homologado,"175.228.042,27",25/03/2022,204.256.000,0,204.256.000
PLASCAR PART,PLAS,PLASCAR PARTICIPACOES INDUSTRIAIS S.A.,BOLSA,Homologado,"931.454.939,71",13/12/2018,12.425.418,0,12.425.418
FIAGRO PLUR,PLCA,PLURAL CRÉDITO AGRO - FIAGRO - IMOBILIÁRIO,BOLSA,Homologado,100,08/08/2022,0,557.019,557.019
POLO CAP SEC,PLSC,POLO CAPITAL SECURITIZADORA S.A,BOLSA,Homologado,"500.000,00",19/02/2013,500.000,0,500.000
POLPAR,PPAR,POLPAR S.A.,BOLSA,Homologado,"5.300.000,00",27/04/2023,68.000,80.000,148.000
POMIFRUTAS,FRTA,POMIFRUTAS S/A,NOVO MERCADO,Homologado,"143.080.704,05",06/07/2021,2.053.606,0,2.053.606
PORTO SEGURO,PSSA,PORTO SEGURO S.A.,NOVO MERCADO,Homologado,"8.500.000.000,00",20/10/2021,646.586.060,0,646.586.060
FIP PORT SUD,FPOR,PORTO SUDESTE ROYALTIES - FIP-IE,FIP IE,Homologado,100,25/04/2019,0,246.541.513,246.541.513
PORTO VM,PSVM,PORTO SUDESTE V.M. S.A.,BOLSA,Homologado,"2.276.040,10",29/04/2022,132.075.987.101,0,132.075.987.101
POSITIVO TEC,POSI,POSITIVO TECNOLOGIA S.A.,NOVO MERCADO,Homologado,"742.700.000,00",30/01/2020,141.800.000,0,141.800.000
PRATICA,PTCA,PRATICA PRODUTOS S.A.,MAIS NIVEL 2,Homologado,"29.068.287,53",31/08/2018,3.355.031,373.242,3.728.273
CEPAC - CTBA,CTBA,PREFEITURA MUNICIPAL DE CURITIBA,SOMA,Homologado,100,26/06/2012,0,141.588,141.588
CEPAC - PMSP,PMSP,PREFEITURA MUNICIPAL DE SAO PAULO,SOMA,Homologado,100,30/11/2006,0,175.730,175.730
PRINER,PRNR,PRINER SERVIÇOS INDUSTRIAIS S.A.,NOVO MERCADO,Homologado,"250.187.363,48",13/12/2021,38.908.257,0,38.908.257
PETRORIO,PRIO,PRIO S.A.,NOVO MERCADO,Homologado,"5.576.191.454,35",02/01/2023,887.229.147,0,887.229.147
FIP PRISMA,PPEI,PRISMA PROTON ENERGIA FDO. INVEST. PART. INFRA.,FIP IE,Homologado,100,27/08/2020,0,4.410.000,4.410.000
PROMAN,PRMN,PRODUTORES ENERGET.DE MANSO S.A.- PROMAN,SOMA,Homologado,"1.100.000,00",19/10/2001,100.000,0,100.000
PROFARMA,PFRM,PROFARMA DISTRIB PROD FARMACEUTICOS S.A.,NOVO MERCADO,Homologado,"1.043.663.369,72",23/12/2020,123.812.773,0,123.812.773
PROMPT PART,PRPT,PROMPT PARTICIPACOES S.A.,BOLSA,Homologado,"5.878.213,93",28/04/2023,5.921.803.893,0,5.921.803.893
QUALICORP,QUAL,QUALICORP CONSULTORIA E CORRETORA DE SEGUROS S.A.,NOVO MERCADO,Homologado,"896.557.588,73",12/11/2019,284.014.325,0,284.014.325
QUALITY SOFT,QUSW,QUALITY SOFTWARE S.A.,MAIS,Homologado,"37.605.711,18",26/01/2017,861.605,0,861.605
RAIADROGASIL,RADL,RAIA DROGASIL S.A.,NOVO MERCADO,Homologado,"4.000.000.000,00",19/04/2023,1.718.007.200,0,1.718.007.200
RAIZEN ENERG,RESA,RAIZEN ENERGIA S.A.,BOLSA,Homologado,"19.531.609.410,70",03/10/2022,13.120.614.595,0,13.120.614.595
RAIZEN,RAIZ,RAIZEN S.A.,BOVESPA NIVEL 2,Homologado,"6.859.669.990,00",03/09/2021,8.993.572.584,1.358.936.900,10.352.509.484
RANDON PART,RAPT,RANDON S.A. IMPLEMENTOS E PARTICIPACOES,BOVESPA NIVEL 1,Homologado,"1.293.169.864,11",17/12/2021,116.515.527,212.815.006,329.330.533
WTORRE PIC,WTPI,REAL AI PIC SEC DE CREDITOS IMOBILIARIO S.A.,BOLSA,Homologado,"59.406,04",30/04/2012,59.396,10,59.406
RECRUSUL,RCSL,RECRUSUL S.A.,BOLSA,Homologado,"350.000.000,00",07/06/2023,42.655.505,84.633.671,127.289.176
REDE D OR,RDOR,REDE DOR SÃO LUIZ S.A.,NOVO MERCADO,Homologado,"15.711.359.775,89",29/12/2022,2.289.292.590,0,2.289.292.590
REDE ENERGIA,REDE,REDE ENERGIA PARTICIPAÇÕES S.A.,BOLSA,Homologado,"3.223.218.565,94",24/04/2020,2.110.323.374,0,2.110.323.374
PET MANGUINH,RPMG,REFINARIA DE PETROLEOS MANGUINHOS S.A.,BOLSA,Homologado,"208.713.674,85",07/08/2019,67.691.629,0,67.691.629
RENOVA,RNEW,RENOVA ENERGIA S.A.,BOVESPA NIVEL 2,Homologado,"4.170.394.390,17",29/11/2022,124.741.981,124.741.975,249.483.956
AES SUL,AESL,RGE SUL DISTRIBUIDORA DE ENERGIA S.A.,BOLSA,Homologado,"2.831.534.168,58",29/04/2021,1.125.427,0,1.125.427
FIC FI RB ES,RBIF,RIO BRAVO ESG FIC INFRA RENDA FIXA CRÉDITO PRIVADO,BOLSA,Homologado,200,21/07/2023,0,627.605,627.605
GER PARANAP,GEPA,RIO PARANAPANEMA ENERGIA S.A.,BOLSA,Homologado,"839.137.503,80",28/08/2014,31.477.761,62.955.522,94.433.283
FIAGRO RZEO,RZEO,RIZA EOS FDO DE INV NAS CAD PROD - FIAGRO - IMOB,BOLSA,Homologado,100,23/12/2022,0,5.500.000,5.500.000
RNI,RDNI,RNI NEGÓCIOS IMOBILIÁRIOS S.A.,NOVO MERCADO,Homologado,"512.438.000,00",10/11/2015,43.769.808,0,43.769.808
RODOBENS,RBNS,RODOBENS S.A,BOLSA,Homologado,"540.455.673,00",31/12/2020,548.920.372,407.374.120,956.294.492
ROD COLINAS,COLN,RODOVIAS DAS COLINAS S.A.,BOLSA,Homologado,"226.145.401,00",11/03/2013,74.220.000,0,74.220.000
ROMI,ROMI,ROMI S.A.,NOVO MERCADO,Homologado,"917.734.746,04",28/03/2023,88.734.045,0,88.734.045
ROSSI RESID,RSID,ROSSI RESIDENCIAL S.A.,NOVO MERCADO,Homologado,"2.678.339.520,00",22/02/2022,20.000.000,0,20.000.000
ALL NORTE,FRRN,RUMO MALHA NORTE S.A.,SOMA,Homologado,"41.769.007,57",19/07/2023,1.107.698.070,81.714.293,1.189.412.363
RUMO S.A.,RAIL,RUMO S.A.,NOVO MERCADO,Homologado,"12.560.951.962,49",19/07/2023,1.854.868.949,0,1.854.868.949
SAFIRA ENERG,SAEN,SAFIRA HOLDING S.A.,MAIS NIVEL 2,Homologado,"62.879.277,64",13/03/2023,11.010.000,0,11.010.000
SALUS INFRA,SAIP,SALUS INFRAESTRUTURA PORTUARIA SA,BOLSA,Homologado,"20.511.181,50",07/06/2018,420.000,0,420.000
SANESALTO,SNST,SANESALTO SANEAMENTO S.A.,BOLSA,Homologado,"5.353.441,27",28/04/2023,5.353.441,0,5.353.441
SANSUY,SNSY,SANSUY S.A. INDUSTRIA DE PLASTICOS,BOLSA,Homologado,"54.625.000,00",27/07/2020,2.657.920,5.058.480,7.716.400
STO ANTONIO,STEN,SANTO ANTONIO ENERGIA S.A.,BOLSA,Homologado,"11.246.908.058,00",10/06/2022,18.591.936.512,0,18.591.936.512
SANTOS BRP,STBP,SANTOS BRASIL PARTICIPACOES S.A.,NOVO MERCADO,Homologado,"1.879.484.344,39",16/03/2023,864.170.369,0,864.170.369
SAO CARLOS,SCAR,SAO CARLOS EMPREEND E PARTICIPACOES S.A.,NOVO MERCADO,Homologado,"1.073.911.676,48",28/04/2017,57.737.319,0,57.737.319
SAO MARTINHO,SMTO,SAO MARTINHO S.A.,NOVO MERCADO,Homologado,"3.941.717.487,21",28/07/2023,354.011.329,0,354.011.329
SPTURIS,AHEB,SAO PAULO TURISMO S.A.,BOLSA,Homologado,"246.149.586,14",29/04/2020,8.407.877,136.017,8.543.894
SARAIVA LIVR,SLED,SARAIVA LIVREIROS S.A. - EM RECUPERAÇÃO JUDICIAL,BOVESPA NIVEL 2,Homologado,"337.415.680,16",28/09/2022,671.819,8.963.221,9.635.040
SCHULZ,SHUL,SCHULZ S.A.,BOLSA,Homologado,"725.645.620,00",29/03/2023,152.692.764,204.682.016,357.374.780
BRAZIL REALT,BZRS,SECME - CIA SECURIT. CRÉD. IMOBILIÁRIOS,BOLSA,Homologado,"929.189,00",26/06/2020,929.189,0,929.189
ASSAI,ASAI,SENDAS DISTRIBUIDORA S.A.,NOVO MERCADO,Homologado,"1.268.926.061,74",18/08/2023,1.351.463.542,0,1.351.463.542
SEQUOIA LOG,SEQL,SEQUOIA LOGISTICA E TRANSPORTES S.A,NOVO MERCADO,Homologado,"755.817.515,66",24/04/2023,206.985.433,0,206.985.433
SER EDUCA,SEER,SER EDUCACIONAL S.A.,NOVO MERCADO,Homologado,"991.644.172,80",09/05/2019,128.721.560,0,128.721.560
FIAGRO SFI,IAGR,SFI INVESTIMENTOS DO AGRONEGÓCIO - FIAGRO -IMOB,BOLSA,Homologado,200,01/06/2023,0,309.603,309.603
ALIPERTI,APTI,SIDERURGICA J. L. ALIPERTI S.A.,BOLSA,Homologado,"48.964.000,00",29/04/2016,6.250,12.345,18.595
SIMPAR,SIMH,SIMPAR S.A.,NOVO MERCADO,Homologado,"1.174.361.606,43",23/05/2022,838.407.909,0,838.407.909
SINQIA,SQIA,SINQIA S.A.,NOVO MERCADO,Homologado,"813.303.273,84",03/09/2021,87.941.972,0,87.941.972
SLC AGRICOLA,SLCE,SLC AGRICOLA S.A.,NOVO MERCADO,Homologado,"2.012.521.509,85",15/05/2023,226.664.858,0,226.664.858
SMART FIT,SMFT,SMARTFIT ESCOLA DE GINÁSTICA E DANÇA S.A.,NOVO MERCADO,Homologado,"2.970.442.883,60",28/07/2021,586.242.289,0,586.242.289
SONDOTECNICA,SOND,SONDOTECNICA ENGENHARIA SOLOS S.A.,BOLSA,Homologado,"34.200.000,00",10/06/2013,856.000,1.601.900,2.457.900
FIAGRO CRAA,CRAA,SPARTA FIAGRO FDO INV NAS CAD PROD AGRO - IMOB,BOLSA,Homologado,100,14/07/2023,0,494.836,494.836
SPARTA CDII,CDII,SPARTA INFRA CDI FIC FI INFRA RENDA FIXA CP,BOLSA,Homologado,100,25/09/2023,0,776.046,776.046
SPARTA CDII,CDII,SPARTA INFRA CDI FIC FI INFRA RENDA FIXA CP,BOLSA,Subscrito,100,06/09/2023,0,572.355,572.355
SPARTA INFRA,JURO,SPARTA INFRA FIC FI INFRA RENDA FIXA CP,BOLSA,Homologado,200,24/11/2022,0,4.718.219,4.718.219
SPRINGS,SGPS,SPRINGS GLOBAL PARTICIPACOES S.A.,NOVO MERCADO,Homologado,"1.860.263.807,68",21/10/2015,50.000.000,0,50.000.000
STATKRAFT,STKF,STATKRAFT ENERGIAS RENOVAVEIS S.A.,BOLSA,Homologado,"2.622.124.390,53",11/03/2022,454.331.401,0,454.331.401
SUDESTE S/A,OPSE,SUDESTE S.A.,BOLSA,Homologado,"4.509.000,00",28/04/2023,8.184.478.719,0,8.184.478.719
SUL 116 PART,OPTS,SUL 116 PARTICIPACOES S.A.,BOLSA,Homologado,"28.385.040,47",26/12/2014,83.596.902.573,0,83.596.902.573
FIAGRO SUNO,SNAG,SUNO AGRO - FIAGRO-IMOBILIÁRIO,BOLSA,Homologado,100,09/10/2023,0,30.000.000,30.000.000
FIAGRO SUNO,SNAG,SUNO AGRO - FIAGRO-IMOBILIÁRIO,BOLSA,Subscrito,100,29/08/2023,0,16.000.000,16.000.000
SUNO FIC FI,SNID,SUNO INFRA DEBÊNTURES FIC. FDO. INC. IE. RF,BOLSA,Homologado,100,03/02/2023,0,350.000,350.000
SUZANO HOLD,NEMO,SUZANO HOLDING S.A.,BOLSA,Homologado,"4.775.670.351,97",27/04/2023,150.068.292,195.786.314,345.854.606
SUZANO S.A.,SUZB,SUZANO S.A.,NOVO MERCADO,Homologado,"9.269.281.424,63",28/02/2023,1.324.117.615,0,1.324.117.615
SYN PROP TEC,SYNE,SYN PROP E TECH S.A.,NOVO MERCADO,Homologado,"1.663.313.371,47",11/11/2020,152.644.445,0,152.644.445
TIME FOR FUN,SHOW,T4F ENTRETENIMENTO S.A.,NOVO MERCADO,Homologado,"243.022.170,40",10/08/2020,67.412.629,0,67.412.629
TAURUS ARMAS,TASA,TAURUS ARMAS S.A.,BOVESPA NIVEL 2,Homologado,"367.935.517,53",14/12/2022,46.445.314,80.189.120,126.634.434
TC,TRAD,TC S.A.,NOVO MERCADO,Homologado,"623.439.953,10",29/09/2022,280.147.138,0,280.147.138
TCP TERMINAL,TCPA,TCP TERMINAL DE CONTEINERES DE PARANAGUA SA,BOLSA,Homologado,"109.378.938,43",15/07/2016,8.116.936,0,8.116.936
TECHNOS,TECN,TECHNOS S.A.,NOVO MERCADO,Homologado,"130.586.573,49",08/05/2023,70.906.215,0,70.906.215
TECNISA,TCSA,TECNISA S.A.,NOVO MERCADO,Homologado,"1.868.315.630,00",05/05/2020,73.619.230,0,73.619.230
TEGMA,TGMA,TEGMA GESTAO LOGISTICA S.A.,NOVO MERCADO,Homologado,"318.524.163,57",30/04/2020,66.002.915,0,66.002.915
TEGRA INCORP,TEGA,TEGRA INCORPORADORA S.A.,BOLSA,Homologado,"531.181.757,14",31/03/2023,334.150.965,0,334.150.965
TEKA,TEKA,TEKA-TECELAGEM KUEHNRICH S.A.,BOLSA,Homologado,"21.944.721,25",10/12/2015,167.915,335.240,503.155
TEKNO,TKNO,TEKNO S.A. - INDUSTRIA E COMERCIO,BOLSA,Homologado,"177.000.000,00",29/04/2014,1.587.101,1.360.709,2.947.810
TELEBRAS,TELB,TELEC BRASILEIRAS S.A. TELEBRAS,BOLSA,Homologado,"3.474.498.085,47",29/07/2022,67.975.599,18.407.491,86.383.090
TELEF BRASIL,VIVT,TELEFÔNICA BRASIL S.A,BOLSA,Homologado,"63.571.415.865,09",14/02/2023,1.663.556.731,0,1.663.556.731
TERM. PE III,TEPE,TERMELÉTRICA PERNAMBUCO III S.A.,BOLSA,Homologado,"125.939.000,00",22/11/2013,26.162.996,0,26.162.996
MENEZES CORT,MNZC,TERMINAL GARAGEM MENEZES CORTES S.A.,BOLSA,Homologado,"2.002.000,00",26/04/2023,526.306,0,526.306
TERMOPE,TMPE,TERMOPERNAMBUCO S.A.,BOLSA,Homologado,"571.815.320,00",29/04/2015,571.815.320,0,571.815.320
TERRASANTAPA,TERRA,TERRA SANTA PROPRIEDADES AGRÍCOLAS S.A.,NOVO MERCADO,Homologado,"673.588.731,91",30/06/2021,96.226.962,0,96.226.962
TEX RENAUX,TXRX,TÊXTIL RENAUXVIEW S.A.,BOLSA,Homologado,"8.186.220,66",29/04/2016,1.456.603,2.802.678,4.259.281
TIM,TIMS,TIM S.A.,NOVO MERCADO,Homologado,"13.477.890.507,55",28/09/2020,2.420.804.398,0,2.420.804.398
TOTVS,TOTS,TOTVS Sa,NOVO MERCADO,Homologado,"2.962.584.687,27",22/09/2021,617.183.181,0,617.183.181
PARTE TRIUNFO,TPIS,TPI - TRIUNFO PARTICIPE. E INVESTE. S.A.,NOVO MERCADO,Homologado,"842.979.226,55",27/04/2023,44.000.000,0,44.000.000
ATLETISMO,TFCO,PISTA DE CAMPO CO S.A.,BOVESPA NÍVEL 2,Homologado,"192.391.500,00",22/10/2020,877.251.375,71.992.864,949.244.239
TAESA,TAEE,TRANSMISSORA ALIANÇA DE ENERGIA ELÉTRICA S.A.,BOVESPA NÍVEL 2,Homologado,"3.067.535.193,28",29/09/2016,590.714.069,442.782.652,1.033.496.721
3TENTOS,TTEN,TRÊS TENTOS AGROINDUSTRIAL S/A,NOVO MERCADO,Homologado,"1.565.586.775,75",20/03/2023,498.297.647,0,498.297.647
TREVISA,LUXM,TREVISA INVESTIMENTOS S.A.,BOLSA,Homologado,"60.000.000,00",27/04/2023,9.192.000,11.592.000,20.784.000
TRISUL,TRIS,TRISUL S.A.,NOVO MERCADO,Homologado,"866.080.000,00",12/09/2019,186.617.538,0,186.617.538
CRISTAL,CRPG,TRONOX PIGMENTOS DO BRASIL S.A.,BOLSA,Homologado,"140.000.000,00",11/04/2023,10.158.398,18.860.349,29.018.747
TRUESEC,APCS,VERDADEIRA SECURITIZADORA S.A.,BOLSA,Homologado,"400.000,00",20/09/2013,400.000,0,400.000
TUPY,TUPY,TUPY Sa,NOVO MERCADO,Homologado,"1.177.602.760,04",28/04/2023,144.177.500,0,144.177.500
ULTRAPAR,UGPA,ULTRAPAR PARTICIPAÇÕES S.A.,NOVO MERCADO,Homologado,"6.621.751.608,08",09/08/2023,1.115.212.490,0,1.115.212.490
UNICASA,UCAS,UNICASA INDÚSTRIA DE MÓVEIS S.A.,NOVO MERCADO,Homologado,"147.000.000,00",03/12/2019,66.086.364,0,66.086.364
OURO VERDE,OVSA,UNIDAS LOCAÇÕES E SERVIÇOS S/A,BOLSA,Homologado,"2.315.555.571,06",01/07/2023,1.458.675.998,0,1.458.675.998
UNIFIQUE,FIQE,UNIFIQUE TELECOMUNICAÇÕES S.A.,NOVO MERCADO,Homologado,"911.973.380,01",27/08/2021,362.049.609,0,362.049.609
UNIPAR,UNIP,UNIPAR CARBOCLORO S.A.,BOLSA,Homologado,"927.876.465,69",08/12/2022,36.308.767,67.567.391,103.876.158
AUMENTO,UPKP,UPTICK PARTICIPAÇÕES S.A.,BOLSA,Homologado,"49.646.147,70",29/03/2004,52.437.003,0,52.437.003
USIMINAS,USIM,USINAS SID DE MINAS GERAIS S.A.-USIMINAS,BOVESPA NIVEL 1,Homologado,"13.200.294.935,04",10/05/2019,705.260.684,547.818.424,1.253.079.108
VALE,VALE,VALE S.A.,NOVO MERCADO,Homologado,"77.300.000.000,00",02/03/2023,4.539.007.568,12,4.539.007.580
VALID,VLID,VALID SOLUÇÕES S.A.,NOVO MERCADO,Homologado,"1.037.549.475,27",30/12/2022,81.836.375,0,81.836.375
FIAGRO VGIA,VGIA,VALORA CRA FDO INV NAS CAD PROD AGRO FIAGRO - IMOB,BOLSA,Homologado,200,14/02/2023,0,86.455.117,86.455.117
VAMOS,VAMO,"VAMOS LOCAÇÃO DE CAMINHÕES, MÁQUINAS E EQUIP. S.A.",NOVO MERCADO,Homologado,"2.142.576.124,79",29/06/2023,1.104.324.569,0,1.104.324.569
VANECK EMERG,HYEM,VANECK EMERGING MARKETS HIGH YIELD BOND ETF,BOLSA,Homologado,000,03/10/2022,0,24.200.000,24.200.000
VANECK ANGL,ANGV,VANECK FALLEN ANGEL HIGH YIELD BOND ETF,BOLSA,Homologado,000,03/10/2022,0,114.750.000,114.750.000
VE GOLD ETF,GDXB,VANECK GOLD MINERS ETF,BOLSA,Homologado,000,24/01/2022,0,1.223.257.500,1.223.257.500
VANECK JPM E,EMLC,VANECK J.P. MORGAN EM LOCAL CURRENCY BOND ETF,BOLSA,Homologado,000,17/04/2023,0,388.568.046,388.568.046
VE MOAT ETF,MOTB,VANECK MORNINGSTAR WIDE MOAT ETF,BOLSA,Homologado,000,24/01/2022,0,755.200.000,755.200.000
VANECK PREF,PFXF,VANECK PREFERRED SECURITIES EX FINANCIALS ETF,BOLSA,Homologado,000,03/10/2022,0,55.950.000,55.950.000
VE STEEL ETF,SLXB,VANECK STEEL ETF,BOLSA,Homologado,000,24/01/2022,0,12.150.000,12.150.000
VE BUZZ ETF,BUZZ,VANECK SOCIAL SENTIMENT ETF,BOLSA,Homologado,000,24/01/2022,0,18.600.000,18.600.000
FIAGRO VCRA,VCRA,VECTIS DATAGRO CR AGR FDO INV CAD PROD AG - IMOB,BOLSA,Homologado,200,11/11/2022,0,4.593.919,4.593.919
VERTCIASEC,VERT,VERT COMPANHIA SECURITIZADORA,BOLSA,Homologado,"1.200.000,00",23/05/2017,100.000,11,100.011
VESTE,VSTE,VESTE S.A. ESTILO,NOVO MERCADO,Homologado,"924.757.925,08",08/02/2023,113.426.924,0,113.426.924
VIBRA,VBBR,VIBRA ENERGIA S.A.,NOVO MERCADO,Homologado,"7.578.709.573,98",28/04/2022,1.165.000.000,0,1.165.000.000
FIP VINCI IE,VIGT,VINCI ENERGIA FDO INV PART IE,FIP IE,Homologado,200,08/01/2021,0,8.674.669,8.674.669
VITTIA,VITT,VITTIA S.A.,NOVO MERCADO,Homologado,"270.476.724,26",13/10/2021,143.049.107,0,143.049.107
VIVARA S.A.,VIVA,VIVARA PARTICIPAÇOES S.A,NOVO MERCADO,Homologado,"1.105.381.209,00",08/10/2019,236.197.769,0,236.197.769
VIVER,VIVR,VIVER INCORPORADORA E CONSTRUTORA S.A.,NOVO MERCADO,Homologado,"2.763.010.417,85",21/07/2023,23.676.543,0,23.676.543
VULCABRAS,VULC,VULCABRAS S.A.,NOVO MERCADO,Homologado,"1.142.547.132,50",21/03/2023,245.916.244,0,245.916.244
WEG,WEGE,WEG S.A.,NOVO MERCADO,Homologado,"6.504.516.508,00",26/04/2022,4.197.317.998,0,4.197.317.998
WESTWING,WEST,WESTWING COMERCIO VAREJISTA S.A.,NOVO MERCADO,Homologado,"471.077.362,65",06/07/2023,110.498.396,0,110.498.396
WETZEL S/A,MWET,WETZEL S.A.,BOLSA,Homologado,"47.147.375,02",10/09/2015,686.001,1.372.002,2.058.003
WHIRLPOOL,WHRL,WHIRLPOOL S.A.,BOLSA,Homologado,"1.159.102.348,07",27/04/2017,1.028.700.892,474.085.114,1.502.786.006
WILSON SONS,PORT,WILSON SONS HOLDINGS BRASIL S.A.,NOVO MERCADO,Homologado,"351.670.116,67",12/05/2023,439.988.900,0,439.988.900
WT CLOU COMP,BWCL,WISDOMTREE CLOUD COMPUTING FUND,BOLSA,Homologado,000,10/10/2022,0,70.500.000,70.500.000
WT FLOATRATE,BUSF,WISDOMTREE FLOATING RATE TREASURY FUND,BOLSA,Homologado,000,21/07/2023,0,1.709.587.500,1.709.587.500
WT YIELD ENH,BAGY,WISDOMTREE YIELD ENHANCED US AGGREGATE BOND FUND,BOLSA,Homologado,000,21/07/2023,0,78.400.000,78.400.000
WIZ CO,WIZC,WIZ CO PARTICIPAÇÕES E CORRETAGEM DE SEGUROS S.A.,NOVO MERCADO,Homologado,"40.000.000,00",10/12/2014,159.907.282,0,159.907.282
WLM IND COM,WLMM,WLM PART. E COMÉRCIO DE MÁQUINAS E VEÍCULOS S.A.,BOLSA,Homologado,"238.836.039,05",19/03/2021,16.571.220,19.843.450,36.414.670
FIAGRO XP CA,XPCA,XP CRÉDITO AGRÍCOLA FDO INV FIAGRO IMOBILIÁRIO,BOLSA,Homologado,100,02/06/2023,0,47.569.840,47.569.840
FIRF XP IE,XPID,XP FDO INV. COTAS FDO INC. INV. EM INFR. R. FIXA,BOLSA,Homologado,100,29/10/2020,0,3.165.464,3.165.464
FIP XP INFRA,XPIE,XP INFRA II FDO DE INV PART IE,FIP IE,Homologado,200,01/08/2023,0,7.062.040,7.062.040
XTRACKERDAX,BDAX,XTRACKERS DAX UCITS ETF,BOLSA,Homologado,000,20/03/2023,0,431.704.950,431.704.950
XTRACKEREU50,BEUT,XTRACKERS EURO STOXX 50 UCITS ETF,BOLSA,Homologado,000,20/03/2023,0,268.198.260,268.198.260
XTRACKERCHIN,BCHA,XTRACKERS MSCI CHINA UCITS ETF,BOLSA,Homologado,000,20/03/2023,0,91.476.990,91.476.990
XTRACKEREMM,BEME,XTRACKERS MSCI EMERGING MARKETS UCITS ETF,BOLSA,Homologado,000,20/03/2023,0,464.967.600,464.967.600
XTRACKEREUR,BEUR,XTRACKERS MSCI EUROPE UCITS ETF,BOLSA,Homologado,000,20/03/2023,0,334.450.000,334.450.000
XTRACKERJAP,BJAP,XTRACKERS MSCI JAPAN UCITS ETF,BOLSA,Homologado,000,20/03/2023,0,170.991.480,170.991.480
XTRACKERUSA,BEUA,XTRACKERS MSCI USA UCITS ETF,BOLSA,Homologado,000,20/03/2023,0,499.156.800,499.156.800
XTRACKERENGY,BLUZ,XTRACKERS MSCI WORLD ENERGY UCITS ETF,BOLSA,Homologado,000,20/03/2023,0,169.294.600,169.294.600
XTRACKERWRLD,BWOR,XTRACKERS MSCI WORLD UCITS ETF,BOLSA,Homologado,000,20/03/2023,0,807.030.400,807.030.400
XTRACKERWRVL,BUFF,XTRACKERS MSCI WORLD VALUE UCITS ETF,BOLSA,Homologado,000,20/03/2023,0,160.100.000,160.100.000
XTRACKER2000,BTWO,XTRACKERS RUSSELL 2000 UCITS ETF,BOLSA,Homologado,000,20/03/2023,0,102.403.750,102.403.750
XTRACKERWEIG,BEQW,XTRACKERS S&P 500 EQUAL WEIGHT UCITS ETF,BOLSA,Homologado,000,20/03/2023,0,336.729.600,336.729.600
XTRACKERE600,BEUS,XTRACKERS STOXX EUROPE 600 UCITS ETF,BOLSA,Homologado,000,20/03/2023,0,155.336.900,155.336.900
YBYRA S/A,YBRA,YBYRÁ CAPITAL S.A.,BOLSA,Homologado,"4.665.090.000,00",19/04/2023,116.574.000,116.574.000,233.148.000
YDUQS PART,YDUQ,YDUQS PARTICIPACOES S.A.,NOVO MERCADO,Homologado,"1.139.887.263,22",13/06/2018,309.088.851,0,309.088.851
ZAMP S.A.,ZAMP,ZAMP S.A.,NOVO MERCADO,Homologado,"1.461.068.417,41",18/11/2020,275.355.447,0,275.355.447
ZAMP S.A.,ZAMP,ZAMP S.A.,NOVO MERCADO,Homologado,"1.461.068.417,41",18/11/2020,275.355.447,0,275.355.447
